data,municipio,precip_mm,temp_max_c,temp_min_c,temp_media_c,evapo_mm,dias_sem_chuva,n_dias
1970-01-01,Caruaru,103.8,29.0,20.56,23.99,138.75,8,31
1970-01-01,Garanhuns,86.1,27.31,18.45,22.12,139.65,13,31
1970-01-01,Petrolina,84.7,31.2,21.98,26.12,158.77,18,31
1970-01-01,Recife,76.4,29.75,24.2,26.63,141.3,3,31
1970-01-01,Salgueiro,201.4,31.84,22.59,26.88,165.77,17,31
1970-01-01,Serra Talhada,308.6,31.93,22.5,27.04,164.93,14,31
1970-02-01,Caruaru,45.5,28.73,20.78,23.85,128.67,12,28
1970-02-01,Garanhuns,61.2,26.91,18.62,21.85,122.44,9,28
1970-02-01,Petrolina,10.0,32.22,22.06,26.7,177.01,25,28
1970-02-01,Recife,87.8,29.01,24.12,26.25,127.65,11,28
1970-02-01,Salgueiro,35.2,32.68,22.58,27.38,171.96,24,28
1970-02-01,Serra Talhada,51.7,32.8,22.47,27.4,171.18,23,28
1970-03-01,Caruaru,108.0,27.42,20.75,23.33,116.93,7,31
1970-03-01,Garanhuns,124.6,25.55,18.63,21.29,111.76,6,31
1970-03-01,Petrolina,30.5,31.69,21.76,26.26,178.74,24,31
1970-03-01,Recife,193.4,28.39,23.99,25.93,113.32,2,31
1970-03-01,Salgueiro,98.0,30.69,21.8,25.73,147.93,18,31
1970-03-01,Serra Talhada,110.0,29.64,21.52,25.08,140.39,19,31
1970-04-01,Caruaru,49.8,27.85,20.7,23.44,114.6,13,30
1970-04-01,Garanhuns,46.9,26.12,18.5,21.51,111.51,16,30
1970-04-01,Petrolina,13.3,32.65,22.35,27.25,183.12,28,30
1970-04-01,Recife,131.1,28.61,24.1,26.06,111.4,8,30
1970-04-01,Salgueiro,15.7,32.24,22.52,27.22,168.74,24,30
1970-04-01,Serra Talhada,14.0,32.38,22.4,27.14,169.29,26,30
1970-05-01,Caruaru,30.9,26.39,19.82,22.4,101.79,18,31
1970-05-01,Garanhuns,47.3,24.38,17.69,20.33,96.74,12,31
1970-05-01,Petrolina,0.3,31.69,20.99,26.1,184.99,31,31
1970-05-01,Recife,71.4,27.66,23.41,25.29,102.9,7,31
1970-05-01,Salgueiro,5.8,31.59,20.97,26.07,174.01,30,31
1970-05-01,Serra Talhada,4.3,31.58,20.88,25.99,170.77,30,31
1970-06-01,Caruaru,36.5,25.41,19.05,21.7,86.03,15,30
1970-06-01,Garanhuns,40.9,23.23,17.08,19.6,80.07,15,30
1970-06-01,Petrolina,0.8,30.13,20.19,24.93,158.87,30,30
1970-06-01,Recife,85.0,26.97,22.75,24.59,90.95,3,30
1970-06-01,Salgueiro,4.4,30.38,20.41,24.98,143.54,29,30
1970-06-01,Serra Talhada,2.9,30.37,20.34,24.92,144.43,30,30
1970-07-01,Caruaru,36.4,24.45,18.35,20.72,88.93,17,31
1970-07-01,Garanhuns,70.6,22.22,16.17,18.55,80.98,8,31
1970-07-01,Petrolina,2.5,28.25,19.08,23.24,148.41,30,31
1970-07-01,Recife,103.9,25.97,22.12,23.78,93.91,3,31
1970-07-01,Salgueiro,6.7,28.65,19.07,23.47,142.86,30,31
1970-07-01,Serra Talhada,6.4,28.71,19.14,23.32,142.8,30,31
1970-08-01,Caruaru,35.5,24.53,18.0,20.62,96.99,14,31
1970-08-01,Garanhuns,45.2,22.27,15.95,18.48,89.5,10,31
1970-08-01,Petrolina,4.2,29.44,19.09,23.95,169.51,30,31
1970-08-01,Recife,108.2,25.96,21.86,23.67,102.29,0,31
1970-08-01,Salgueiro,3.6,29.53,19.25,24.04,163.29,31,31
1970-08-01,Serra Talhada,2.5,29.62,19.2,23.96,165.37,31,31
1970-09-01,Caruaru,24.3,26.89,18.65,21.99,121.9,18,30
1970-09-01,Garanhuns,32.2,24.52,16.31,19.7,118.6,16,30
1970-09-01,Petrolina,0.0,32.86,20.29,26.49,222.17,30,30
1970-09-01,Recife,64.0,27.24,22.54,24.56,121.94,6,30
1970-09-01,Salgueiro,0.7,32.94,20.31,26.39,210.77,30,30
1970-09-01,Serra Talhada,0.3,32.98,20.09,26.3,209.42,30,30
1970-10-01,Caruaru,13.2,29.94,19.39,23.76,161.04,27,31
1970-10-01,Garanhuns,19.8,28.48,17.15,21.94,159.58,27,31
1970-10-01,Petrolina,45.9,32.75,21.82,26.99,201.59,26,31
1970-10-01,Recife,19.4,29.29,23.44,25.95,148.46,26,31
1970-10-01,Salgueiro,131.5,34.23,22.31,27.94,204.13,25,31
1970-10-01,Serra Talhada,93.3,34.28,22.21,28.2,206.69,26,31
1970-11-01,Caruaru,8.4,30.67,19.92,24.37,160.83,27,30
1970-11-01,Garanhuns,8.9,29.48,17.74,22.74,167.91,26,30
1970-11-01,Petrolina,47.7,31.48,22.46,26.65,168.76,21,30
1970-11-01,Recife,22.1,30.05,24.03,26.6,155.61,19,30
1970-11-01,Salgueiro,20.1,34.04,23.51,28.6,191.62,26,30
1970-11-01,Serra Talhada,8.7,34.53,23.65,29.09,205.29,28,30
1970-12-01,Caruaru,18.3,30.96,19.89,24.53,175.9,24,31
1970-12-01,Garanhuns,8.0,29.59,17.63,22.83,181.65,28,31
1970-12-01,Petrolina,10.8,34.09,22.7,28.3,233.22,27,31
1970-12-01,Recife,28.3,30.13,23.98,26.58,159.89,17,31
1970-12-01,Salgueiro,2.0,35.29,23.67,29.44,238.55,30,31
1970-12-01,Serra Talhada,0.3,35.51,23.15,29.44,239.75,31,31
1971-01-01,Caruaru,15.0,30.18,19.84,24.25,162.67,24,31
1971-01-01,Garanhuns,17.0,28.66,17.54,22.33,161.49,24,31
1971-01-01,Petrolina,5.8,33.84,22.63,28.16,229.23,28,31
1971-01-01,Recife,36.6,30.18,24.14,26.76,159.57,15,31
1971-01-01,Salgueiro,25.7,34.02,23.18,28.46,209.53,27,31
1971-01-01,Serra Talhada,10.8,34.33,23.18,28.75,216.07,27,31
1971-02-01,Caruaru,29.8,29.8,19.95,24.13,145.2,21,28
1971-02-01,Garanhuns,22.1,28.18,17.8,22.32,147.75,23,28
1971-02-01,Petrolina,31.1,33.11,22.82,27.69,193.96,22,28
1971-02-01,Recife,35.8,30.01,23.98,26.75,142.53,12,28
1971-02-01,Salgueiro,52.7,33.22,23.0,27.66,169.39,16,28
1971-02-01,Serra Talhada,48.8,33.7,23.28,28.2,177.69,18,28
1971-03-01,Caruaru,102.6,29.17,20.82,24.12,138.62,7,31
1971-03-01,Garanhuns,86.2,28.27,18.83,22.58,142.87,7,31
1971-03-01,Petrolina,84.2,31.49,22.14,26.45,172.58,16,31
1971-03-01,Recife,100.1,29.43,24.0,26.38,131.55,2,31
1971-03-01,Salgueiro,201.8,30.26,21.78,25.48,142.52,12,31
1971-03-01,Serra Talhada,128.3,30.9,22.05,26.03,151.49,16,31
1971-04-01,Caruaru,216.5,27.71,20.8,23.49,105.01,2,30
1971-04-01,Garanhuns,200.6,25.87,18.93,21.63,101.1,6,30
1971-04-01,Petrolina,188.0,28.74,21.74,24.75,111.17,12,30
1971-04-01,Recife,181.2,28.82,23.57,25.84,106.03,0,30
1971-04-01,Salgueiro,266.9,28.58,21.39,24.36,106.16,4,30
1971-04-01,Serra Talhada,308.4,28.23,21.3,24.29,105.84,6,30
1971-05-01,Caruaru,80.6,25.79,20.21,22.29,91.73,10,31
1971-05-01,Garanhuns,94.8,23.58,18.19,20.25,86.66,5,31
1971-05-01,Petrolina,8.5,28.64,20.84,24.33,127.64,29,31
1971-05-01,Recife,183.9,27.25,23.14,24.91,89.99,4,31
1971-05-01,Salgueiro,40.1,27.7,20.59,23.78,108.96,17,31
1971-05-01,Serra Talhada,51.0,27.41,20.38,23.41,104.45,17,31
1971-06-01,Caruaru,51.1,25.68,19.34,21.88,91.52,13,30
1971-06-01,Garanhuns,56.3,23.61,17.32,19.88,87.14,13,30
1971-06-01,Petrolina,11.4,29.94,20.69,24.98,140.88,27,30
1971-06-01,Recife,93.9,27.01,22.97,24.77,91.91,6,30
1971-06-01,Salgueiro,23.4,29.29,20.35,24.51,123.96,21,30
1971-06-01,Serra Talhada,44.2,29.5,20.1,24.46,123.41,23,30
1971-07-01,Caruaru,42.3,24.72,18.84,21.09,88.66,11,31
1971-07-01,Garanhuns,67.8,22.57,16.67,18.96,80.32,4,31
1971-07-01,Petrolina,1.4,29.28,19.56,24.05,152.15,31,31
1971-07-01,Recife,116.6,26.14,22.08,23.86,89.17,2,31
1971-07-01,Salgueiro,6.8,29.12,19.77,24.1,136.68,31,31
1971-07-01,Serra Talhada,5.6,29.49,19.77,24.15,139.06,30,31
1971-08-01,Caruaru,28.7,25.09,17.96,20.85,110.96,17,31
1971-08-01,Garanhuns,48.0,23.05,15.92,18.75,101.98,12,31
1971-08-01,Petrolina,1.6,29.99,19.15,24.38,182.84,31,31
1971-08-01,Recife,66.4,26.14,21.82,23.77,111.62,4,31
1971-08-01,Salgueiro,1.2,30.16,19.18,24.35,172.46,31,31
1971-08-01,Serra Talhada,0.6,30.53,19.14,24.45,179.7,31,31
1971-09-01,Caruaru,31.1,26.32,18.44,21.67,116.86,17,30
1971-09-01,Garanhuns,32.3,24.52,16.14,19.58,115.89,20,30
1971-09-01,Petrolina,3.0,32.0,20.54,26.01,198.15,29,30
1971-09-01,Recife,72.5,26.89,22.13,24.22,115.76,5,30
1971-09-01,Salgueiro,1.3,32.11,20.4,26.06,192.07,30,30
1971-09-01,Serra Talhada,1.2,32.22,20.25,26.03,192.29,30,30
1971-10-01,Caruaru,68.9,27.88,19.31,22.75,132.5,11,31
1971-10-01,Garanhuns,51.8,26.69,17.16,20.98,138.0,15,31
1971-10-01,Petrolina,26.7,32.36,21.88,26.84,207.36,27,31
1971-10-01,Recife,72.2,27.9,22.96,25.17,129.04,2,31
1971-10-01,Salgueiro,53.2,33.53,22.09,27.55,210.73,24,31
1971-10-01,Serra Talhada,24.2,33.65,21.88,27.56,210.81,26,31
1971-11-01,Caruaru,6.7,29.94,19.6,23.91,163.22,28,30
1971-11-01,Garanhuns,7.4,28.79,17.52,22.33,168.39,27,30
1971-11-01,Petrolina,77.7,32.26,22.72,27.29,178.13,23,30
1971-11-01,Recife,31.9,29.39,23.45,26.0,149.73,17,30
1971-11-01,Salgueiro,18.8,33.98,23.15,28.5,206.14,26,30
1971-11-01,Serra Talhada,2.8,34.42,22.76,28.71,214.84,28,30
1971-12-01,Caruaru,19.5,30.34,19.69,24.09,169.87,20,31
1971-12-01,Garanhuns,15.1,28.95,17.51,22.37,176.67,24,31
1971-12-01,Petrolina,56.2,32.43,22.73,27.43,198.49,26,31
1971-12-01,Recife,37.9,29.76,23.86,26.42,159.21,14,31
1971-12-01,Salgueiro,10.9,34.32,23.71,28.96,224.37,29,31
1971-12-01,Serra Talhada,6.0,34.72,22.99,28.97,228.2,29,31
1972-01-01,Caruaru,48.7,29.87,20.27,24.2,160.11,14,31
1972-01-01,Garanhuns,54.8,28.2,17.96,22.2,159.0,19,31
1972-01-01,Petrolina,45.7,32.55,22.06,27.14,213.59,26,31
1972-01-01,Recife,56.4,29.59,23.97,26.46,152.45,9,31
1972-01-01,Salgueiro,83.4,33.4,22.72,27.75,202.97,25,31
1972-01-01,Serra Talhada,81.4,33.77,22.63,28.03,211.32,26,31
1972-02-01,Caruaru,36.5,29.48,20.33,24.01,147.68,20,29
1972-02-01,Garanhuns,39.0,27.96,17.96,22.06,146.06,20,29
1972-02-01,Petrolina,88.5,32.81,22.51,27.33,191.77,22,29
1972-02-01,Recife,41.3,29.8,24.11,26.6,143.79,12,29
1972-02-01,Salgueiro,31.0,32.98,22.64,27.55,178.18,22,29
1972-02-01,Serra Talhada,36.8,33.21,22.84,27.83,185.73,23,29
1972-03-01,Caruaru,46.5,29.41,20.47,24.18,145.02,14,31
1972-03-01,Garanhuns,62.5,27.79,18.36,22.38,144.36,15,31
1972-03-01,Petrolina,77.5,31.29,22.08,26.43,165.9,20,31
1972-03-01,Recife,62.1,30.19,24.27,26.89,145.09,7,31
1972-03-01,Salgueiro,150.4,31.82,22.31,26.7,160.36,14,31
1972-03-01,Serra Talhada,95.2,32.68,22.68,27.35,172.98,15,31
1972-04-01,Caruaru,50.7,28.37,20.75,23.75,123.09,20,30
1972-04-01,Garanhuns,69.8,26.42,18.65,21.77,117.96,14,30
1972-04-01,Petrolina,45.5,31.2,22.39,26.5,153.41,20,30
1972-04-01,Recife,112.6,29.07,24.07,26.25,119.82,10,30
1972-04-01,Salgueiro,75.2,30.72,22.21,25.96,135.33,17,30
1972-04-01,Serra Talhada,44.6,31.09,22.59,26.48,139.99,20,30
1972-05-01,Caruaru,57.7,26.74,20.57,22.92,97.02,13,31
1972-05-01,Garanhuns,103.6,24.45,18.59,20.83,90.07,10,31
1972-05-01,Petrolina,14.1,30.32,21.69,25.72,146.32,28,31
1972-05-01,Recife,145.2,27.52,23.38,25.19,94.57,3,31
1972-05-01,Salgueiro,24.6,29.83,21.55,25.26,127.89,22,31
1972-05-01,Serra Talhada,33.4,30.0,21.48,25.21,129.34,24,31
1972-06-01,Caruaru,36.6,25.44,19.47,21.87,86.72,14,30
1972-06-01,Garanhuns,49.5,23.47,17.48,19.86,82.45,9,30
1972-06-01,Petrolina,1.7,30.26,20.81,25.3,154.48,30,30
1972-06-01,Recife,127.7,26.71,22.69,24.41,86.03,6,30
1972-06-01,Salgueiro,5.6,30.45,21.13,25.43,144.27,28,30
1972-06-01,Serra Talhada,13.4,30.74,21.13,25.44,142.61,27,30
1972-07-01,Caruaru,25.5,25.71,18.72,21.55,102.76,21,31
1972-07-01,Garanhuns,31.3,23.89,16.54,19.55,100.31,19,31
1972-07-01,Petrolina,1.3,31.41,20.05,25.54,184.72,31,31
1972-07-01,Recife,84.5,26.52,22.25,24.12,98.14,8,31
1972-07-01,Salgueiro,1.4,31.34,20.23,25.59,171.33,31,31
1972-07-01,Serra Talhada,1.3,31.38,20.19,25.56,171.09,31,31
1972-08-01,Caruaru,34.1,26.0,18.99,21.77,100.26,14,31
1972-08-01,Garanhuns,44.0,23.95,16.87,19.67,95.63,12,31
1972-08-01,Petrolina,1.2,31.17,20.14,25.55,191.51,30,31
1972-08-01,Recife,108.7,26.66,22.26,24.23,100.23,3,31
1972-08-01,Salgueiro,6.0,30.9,20.47,25.47,167.73,30,31
1972-08-01,Serra Talhada,9.3,30.94,20.39,25.36,165.31,30,31
1972-09-01,Caruaru,23.2,27.71,18.94,22.47,129.74,20,30
1972-09-01,Garanhuns,26.8,25.89,16.83,20.48,125.92,17,30
1972-09-01,Petrolina,1.5,33.35,21.16,27.15,221.77,30,30
1972-09-01,Recife,51.2,27.39,22.67,24.74,122.86,9,30
1972-09-01,Salgueiro,0.9,33.78,21.2,27.25,221.38,30,30
1972-09-01,Serra Talhada,0.8,33.81,20.89,27.11,219.1,30,30
1972-10-01,Caruaru,20.2,29.94,19.81,23.96,159.34,22,31
1972-10-01,Garanhuns,15.4,28.56,17.51,22.11,162.67,26,31
1972-10-01,Petrolina,2.1,34.97,23.38,29.15,243.9,31,31
1972-10-01,Recife,41.6,28.96,23.34,25.76,145.2,14,31
1972-10-01,Salgueiro,1.1,35.21,23.24,29.23,240.75,31,31
1972-10-01,Serra Talhada,0.8,35.07,22.62,28.93,237.04,31,31
1972-11-01,Caruaru,4.5,31.45,20.01,24.87,173.32,29,30
1972-11-01,Garanhuns,2.8,30.28,17.96,23.39,177.02,30,30
1972-11-01,Petrolina,17.9,35.34,24.88,30.06,215.33,24,30
1972-11-01,Recife,16.9,30.5,24.29,26.93,159.57,25,30
1972-11-01,Salgueiro,0.5,36.52,24.88,30.9,238.13,30,30
1972-11-01,Serra Talhada,0.3,36.11,23.9,30.21,229.87,30,30
1972-12-01,Caruaru,49.7,30.8,20.96,25.04,153.89,20,31
1972-12-01,Garanhuns,45.0,29.16,18.82,23.24,157.47,21,31
1972-12-01,Petrolina,107.7,31.5,22.78,26.92,165.73,19,31
1972-12-01,Recife,66.7,30.33,24.48,27.04,144.93,13,31
1972-12-01,Salgueiro,119.1,32.46,23.19,27.69,176.88,21,31
1972-12-01,Serra Talhada,95.8,32.75,23.02,27.75,178.33,21,31
1973-01-01,Caruaru,48.9,29.73,21.28,24.55,146.75,10,31
1973-01-01,Garanhuns,43.6,27.97,19.08,22.72,148.94,13,31
1973-01-01,Petrolina,78.7,32.01,22.54,26.97,185.35,21,31
1973-01-01,Recife,70.0,29.54,24.39,26.69,137.32,6,31
1973-01-01,Salgueiro,83.6,30.97,22.01,26.06,155.86,16,31
1973-01-01,Serra Talhada,87.1,31.26,22.24,26.3,159.15,18,31
1973-02-01,Caruaru,73.2,29.71,21.11,24.54,129.75,9,28
1973-02-01,Garanhuns,43.5,28.29,18.85,22.66,133.37,12,28
1973-02-01,Petrolina,40.5,33.16,23.58,28.01,174.45,19,28
1973-02-01,Recife,94.2,29.52,24.46,26.71,121.03,8,28
1973-02-01,Salgueiro,77.9,32.01,22.65,26.88,149.34,14,28
1973-02-01,Serra Talhada,48.6,32.45,22.64,27.15,153.75,15,28
1973-03-01,Caruaru,99.0,29.98,21.65,24.98,137.57,7,31
1973-03-01,Garanhuns,96.6,29.08,19.88,23.72,142.21,11,31
1973-03-01,Petrolina,233.6,30.5,22.71,26.1,133.99,11,31
1973-03-01,Recife,130.3,30.01,24.7,27.12,127.72,2,31
1973-03-01,Salgueiro,236.9,30.15,22.44,25.65,129.87,7,31
1973-03-01,Serra Talhada,278.5,30.02,22.34,25.64,131.25,8,31
1973-04-01,Caruaru,124.8,27.94,21.03,23.7,108.9,5,30
1973-04-01,Garanhuns,126.1,25.91,19.03,21.77,103.3,8,30
1973-04-01,Petrolina,56.7,29.49,21.8,25.16,127.69,17,30
1973-04-01,Recife,131.2,28.75,24.1,26.2,106.31,2,30
1973-04-01,Salgueiro,233.6,28.58,21.53,24.57,108.06,9,30
1973-04-01,Serra Talhada,352.4,28.22,21.21,24.3,106.48,10,30
1973-05-01,Caruaru,80.4,27.2,20.5,23.16,105.96,7,31
1973-05-01,Garanhuns,70.2,25.34,18.52,21.26,100.17,11,31
1973-05-01,Petrolina,22.3,30.13,21.77,25.52,142.94,28,31
1973-05-01,Recife,120.8,28.21,23.74,25.73,99.7,2,31
1973-05-01,Salgueiro,55.1,29.24,21.24,24.86,122.18,18,31
1973-05-01,Serra Talhada,54.5,28.76,20.92,24.45,118.28,20,31
1973-06-01,Caruaru,88.9,25.65,19.97,22.17,80.53,9,30
1973-06-01,Garanhuns,82.9,23.22,17.9,20.07,75.86,9,30
1973-06-01,Petrolina,9.2,30.28,21.14,25.34,143.69,27,30
1973-06-01,Recife,225.3,26.95,23.26,24.82,74.35,1,30
1973-06-01,Salgueiro,90.6,29.04,20.78,24.56,116.0,23,30
1973-06-01,Serra Talhada,66.4,28.33,20.37,23.96,108.43,24,30
1973-07-01,Caruaru,34.7,25.37,19.25,21.65,95.5,18,31
1973-07-01,Garanhuns,45.1,23.34,17.01,19.53,89.37,10,31
1973-07-01,Petrolina,3.4,30.08,20.43,25.05,159.68,30,31
1973-07-01,Recife,101.7,26.56,22.41,24.27,91.39,4,31
1973-07-01,Salgueiro,5.3,29.4,20.15,24.54,143.52,30,31
1973-07-01,Serra Talhada,5.5,29.39,20.14,24.44,143.75,29,31
1973-08-01,Caruaru,28.6,26.48,18.52,21.77,116.89,19,31
1973-08-01,Garanhuns,29.3,24.48,16.44,19.71,110.97,19,31
1973-08-01,Petrolina,0.3,31.61,19.83,25.64,203.83,31,31
1973-08-01,Recife,77.3,27.13,22.5,24.54,114.84,7,31
1973-08-01,Salgueiro,1.7,31.24,19.84,25.38,188.43,31,31
1973-08-01,Serra Talhada,2.2,31.28,19.74,25.29,189.08,30,31
1973-09-01,Caruaru,35.5,27.44,19.22,22.41,124.63,15,30
1973-09-01,Garanhuns,55.3,25.36,17.07,20.3,116.62,11,30
1973-09-01,Petrolina,8.5,31.78,20.85,25.97,190.29,28,30
1973-09-01,Recife,70.3,27.53,22.73,24.86,118.89,8,30
1973-09-01,Salgueiro,11.1,31.98,20.87,26.12,180.37,26,30
1973-09-01,Serra Talhada,5.5,32.23,20.74,26.18,183.95,28,30
1973-10-01,Caruaru,13.3,29.55,19.81,23.72,151.14,27,31
1973-10-01,Garanhuns,29.0,27.29,17.44,21.48,147.39,24,31
1973-10-01,Petrolina,20.3,32.66,21.78,27.07,205.38,27,31
1973-10-01,Recife,41.0,29.11,23.58,25.98,147.07,21,31
1973-10-01,Salgueiro,26.8,32.62,22.15,27.2,199.33,26,31
1973-10-01,Serra Talhada,21.0,31.75,21.42,26.49,188.6,27,31
1973-11-01,Caruaru,10.2,30.73,20.11,24.56,164.17,26,30
1973-11-01,Garanhuns,7.8,29.33,18.03,22.87,168.58,27,30
1973-11-01,Petrolina,22.5,33.93,23.33,28.63,210.57,25,30
1973-11-01,Recife,34.8,30.02,24.11,26.66,153.24,14,30
1973-11-01,Salgueiro,5.6,35.06,24.22,29.66,220.11,28,30
1973-11-01,Serra Talhada,2.1,34.71,23.29,29.17,218.1,29,30
1973-12-01,Caruaru,15.8,30.41,20.25,24.47,168.68,26,31
1973-12-01,Garanhuns,12.1,28.98,18.03,22.75,170.23,28,31
1973-12-01,Petrolina,48.4,33.85,23.36,28.43,210.77,23,31
1973-12-01,Recife,26.6,30.03,24.2,26.68,159.67,20,31
1973-12-01,Salgueiro,16.2,33.82,24.01,28.75,201.24,25,31
1973-12-01,Serra Talhada,13.2,33.66,23.72,28.76,204.77,28,31
1974-01-01,Caruaru,138.8,28.68,20.4,23.75,141.04,12,31
1974-01-01,Garanhuns,122.2,27.14,18.47,22.08,143.03,14,31
1974-01-01,Petrolina,71.5,31.66,22.31,26.61,177.51,16,31
1974-01-01,Recife,159.5,28.95,23.61,25.97,129.91,9,31
1974-01-01,Salgueiro,150.8,31.69,22.48,26.77,169.22,16,31
1974-01-01,Serra Talhada,130.3,31.57,22.39,26.79,170.15,16,31
1974-02-01,Caruaru,132.2,27.41,20.34,23.06,114.06,4,28
1974-02-01,Garanhuns,111.4,25.29,18.47,21.12,110.29,6,28
1974-02-01,Petrolina,106.9,30.48,21.9,25.62,145.8,16,28
1974-02-01,Recife,151.2,28.14,23.22,25.45,107.94,0,28
1974-02-01,Salgueiro,186.9,29.44,21.38,24.89,119.02,6,28
1974-02-01,Serra Talhada,168.2,29.42,21.2,24.88,123.53,9,28
1974-03-01,Caruaru,185.0,27.25,20.45,22.96,112.6,1,31
1974-03-01,Garanhuns,212.7,25.3,18.55,21.09,110.73,3,31
1974-03-01,Petrolina,223.8,29.03,21.64,24.75,127.53,6,31
1974-03-01,Recife,191.2,28.07,23.42,25.43,108.01,0,31
1974-03-01,Salgueiro,232.2,28.71,21.1,24.26,119.38,3,31
1974-03-01,Serra Talhada,161.9,28.47,21.04,24.17,122.1,7,31
1974-04-01,Caruaru,186.0,26.63,20.9,22.95,92.38,2,30
1974-04-01,Garanhuns,167.6,24.44,18.99,20.97,89.6,4,30
1974-04-01,Petrolina,231.5,28.64,21.68,24.55,113.93,13,30
1974-04-01,Recife,298.3,28.28,23.56,25.46,90.91,0,30
1974-04-01,Salgueiro,229.3,28.0,21.27,23.94,99.1,7,30
1974-04-01,Serra Talhada,205.4,27.55,21.13,23.77,100.69,6,30
1974-05-01,Caruaru,66.1,25.63,20.11,22.28,94.26,9,31
1974-05-01,Garanhuns,62.8,23.61,18.29,20.29,90.68,9,31
1974-05-01,Petrolina,13.8,28.29,20.82,24.06,118.62,25,31
1974-05-01,Recife,174.1,27.21,23.15,24.88,90.81,3,31
1974-05-01,Salgueiro,67.7,27.52,20.84,23.58,106.49,18,31
1974-05-01,Serra Talhada,27.4,27.05,20.57,23.23,102.69,21,31
1974-06-01,Caruaru,41.7,24.7,19.35,21.46,84.09,13,30
1974-06-01,Garanhuns,71.9,22.4,17.21,19.29,73.65,6,30
1974-06-01,Petrolina,3.7,28.93,20.17,24.11,136.93,30,30
1974-06-01,Recife,94.1,26.65,22.83,24.51,88.6,6,30
1974-06-01,Salgueiro,10.5,27.34,19.73,23.05,109.84,26,30
1974-06-01,Serra Talhada,11.7,26.83,19.46,22.64,104.4,27,30
1974-07-01,Caruaru,76.0,23.69,18.36,20.44,76.97,13,31
1974-07-01,Garanhuns,75.8,21.26,16.22,18.21,69.0,8,31
1974-07-01,Petrolina,5.5,27.17,18.81,22.54,126.27,31,31
1974-07-01,Recife,178.5,25.58,21.97,23.56,83.19,4,31
1974-07-01,Salgueiro,12.6,26.3,18.64,22.0,106.84,29,31
1974-07-01,Serra Talhada,12.7,26.26,18.54,21.79,104.68,25,31
1974-08-01,Caruaru,21.8,25.21,17.96,20.95,104.81,23,31
1974-08-01,Garanhuns,38.7,22.77,15.92,18.77,97.32,16,31
1974-08-01,Petrolina,2.0,29.94,19.47,24.46,169.63,31,31
1974-08-01,Recife,65.5,26.56,21.97,24.05,113.58,5,31
1974-08-01,Salgueiro,3.2,29.36,19.0,23.91,156.07,31,31
1974-08-01,Serra Talhada,1.7,29.78,18.82,23.94,159.47,31,31
1974-09-01,Caruaru,35.7,25.85,18.51,21.49,110.53,12,30
1974-09-01,Garanhuns,36.7,23.66,16.42,19.36,105.37,11,30
1974-09-01,Petrolina,0.6,31.91,20.25,25.9,200.62,30,30
1974-09-01,Recife,71.1,26.81,22.19,24.26,115.29,3,30
1974-09-01,Salgueiro,1.3,31.31,20.23,25.59,188.35,30,30
1974-09-01,Serra Talhada,0.7,31.6,20.04,25.53,187.37,30,30
1974-10-01,Caruaru,11.0,28.73,19.6,23.41,147.83,28,31
1974-10-01,Garanhuns,12.0,27.06,17.2,21.54,152.74,25,31
1974-10-01,Petrolina,15.2,33.49,22.17,27.65,213.12,27,31
1974-10-01,Recife,35.9,28.65,23.18,25.63,140.19,14,31
1974-10-01,Salgueiro,8.2,33.93,22.9,28.33,220.07,29,31
1974-10-01,Serra Talhada,3.8,34.13,22.27,28.29,220.17,29,31
1974-11-01,Caruaru,32.4,28.97,19.81,23.63,148.31,21,30
1974-11-01,Garanhuns,41.9,27.28,17.73,21.85,147.29,20,30
1974-11-01,Petrolina,71.5,31.44,21.67,26.07,173.76,19,30
1974-11-01,Recife,38.6,29.35,23.66,26.16,143.57,12,30
1974-11-01,Salgueiro,31.1,32.53,22.38,27.17,187.56,21,30
1974-11-01,Serra Talhada,20.8,32.69,22.1,27.26,191.79,24,30
1974-12-01,Caruaru,43.5,28.54,20.2,23.61,147.18,15,31
1974-12-01,Garanhuns,41.4,26.72,17.96,21.62,148.32,18,31
1974-12-01,Petrolina,51.8,32.04,22.14,26.78,186.69,18,31
1974-12-01,Recife,68.6,29.07,23.66,26.15,141.01,8,31
1974-12-01,Salgueiro,38.4,33.63,23.09,28.13,199.27,21,31
1974-12-01,Serra Talhada,24.8,33.71,22.83,28.0,204.65,27,31
1975-01-01,Caruaru,53.8,29.02,20.28,23.87,149.45,15,31
1975-01-01,Garanhuns,51.9,27.58,18.07,21.94,150.0,15,31
1975-01-01,Petrolina,55.0,32.37,22.25,27.01,200.08,24,31
1975-01-01,Recife,64.1,29.45,24.02,26.41,144.48,10,31
1975-01-01,Salgueiro,68.1,32.78,22.6,27.53,194.89,22,31
1975-01-01,Serra Talhada,47.2,33.05,22.37,27.56,195.99,22,31
1975-02-01,Caruaru,31.1,29.68,20.64,24.41,134.08,17,28
1975-02-01,Garanhuns,36.4,28.24,18.57,22.73,137.11,18,28
1975-02-01,Petrolina,38.6,31.99,22.27,26.89,166.48,18,28
1975-02-01,Recife,59.5,29.85,24.24,26.73,133.33,5,28
1975-02-01,Salgueiro,115.6,31.26,22.06,26.34,137.23,8,28
1975-02-01,Serra Talhada,78.8,31.82,22.44,26.8,143.99,14,28
1975-03-01,Caruaru,65.4,28.31,20.65,23.7,129.97,9,31
1975-03-01,Garanhuns,68.0,26.49,18.81,21.87,127.77,12,31
1975-03-01,Petrolina,52.1,32.35,22.8,27.25,182.67,19,31
1975-03-01,Recife,104.1,28.45,23.54,25.84,121.01,4,31
1975-03-01,Salgueiro,132.1,29.88,21.55,25.12,137.0,11,31
1975-03-01,Serra Talhada,99.7,29.78,21.61,25.16,135.94,13,31
1975-04-01,Caruaru,56.0,29.62,20.88,24.4,133.85,17,30
1975-04-01,Garanhuns,93.0,27.55,18.82,22.41,125.36,15,30
1975-04-01,Petrolina,52.0,30.5,22.25,26.0,141.06,17,30
1975-04-01,Recife,86.4,29.69,24.3,26.69,124.32,11,30
1975-04-01,Salgueiro,156.5,29.71,21.67,25.18,121.31,10,30
1975-04-01,Serra Talhada,132.3,30.54,22.01,25.86,133.23,10,30
1975-05-01,Caruaru,65.8,26.29,20.04,22.38,94.47,10,31
1975-05-01,Garanhuns,107.0,23.56,17.94,20.11,82.23,6,31
1975-05-01,Petrolina,7.1,29.69,21.08,25.0,148.07,29,31
1975-05-01,Recife,161.1,27.46,23.03,24.92,94.91,0,31
1975-05-01,Salgueiro,86.1,28.03,20.74,24.02,112.43,21,31
1975-05-01,Serra Talhada,61.0,27.68,20.49,23.53,105.31,18,31
1975-06-01,Caruaru,61.9,25.28,19.48,21.63,84.37,10,30
1975-06-01,Garanhuns,105.3,22.55,17.38,19.34,72.95,6,30
1975-06-01,Petrolina,4.1,28.46,20.24,23.98,133.39,29,30
1975-06-01,Recife,167.6,26.68,22.64,24.4,86.93,3,30
1975-06-01,Salgueiro,25.9,27.96,20.33,23.66,109.03,20,30
1975-06-01,Serra Talhada,34.2,28.06,20.19,23.59,106.56,21,30
1975-07-01,Caruaru,61.3,24.05,18.37,20.51,85.23,13,31
1975-07-01,Garanhuns,99.7,21.62,16.31,18.3,74.28,5,31
1975-07-01,Petrolina,6.2,27.67,19.27,23.02,130.85,30,31
1975-07-01,Recife,149.5,25.98,21.77,23.57,92.69,5,31
1975-07-01,Salgueiro,22.8,26.77,18.85,22.33,110.44,28,31
1975-07-01,Serra Talhada,36.8,26.51,18.77,22.07,106.08,21,31
1975-08-01,Caruaru,32.2,24.5,17.86,20.54,102.46,15,31
1975-08-01,Garanhuns,56.3,21.93,15.74,18.26,91.23,8,31
1975-08-01,Petrolina,2.9,29.2,18.66,23.52,167.96,31,31
1975-08-01,Recife,84.0,25.97,21.75,23.6,104.66,4,31
1975-08-01,Salgueiro,4.8,28.5,18.43,23.01,146.76,30,31
1975-08-01,Serra Talhada,2.2,28.87,18.35,22.97,151.35,31,31
1975-09-01,Caruaru,30.9,25.34,18.19,21.05,114.0,16,30
1975-09-01,Garanhuns,47.8,22.8,16.05,18.75,101.84,12,30
1975-09-01,Petrolina,1.3,30.57,19.31,24.61,184.75,30,30
1975-09-01,Recife,75.5,26.22,21.7,23.75,114.66,2,30
1975-09-01,Salgueiro,1.1,30.49,19.35,24.47,174.67,30,30
1975-09-01,Serra Talhada,2.3,31.03,19.28,24.55,181.69,30,30
1975-10-01,Caruaru,15.3,29.13,19.35,23.35,150.56,25,31
1975-10-01,Garanhuns,9.7,27.48,17.06,21.44,154.15,27,31
1975-10-01,Petrolina,5.7,34.11,22.45,28.29,222.52,29,31
1975-10-01,Recife,47.6,28.45,22.95,25.44,142.09,12,31
1975-10-01,Salgueiro,3.9,33.85,23.0,28.48,213.44,30,31
1975-10-01,Serra Talhada,1.8,34.0,22.36,28.38,214.76,31,31
1975-11-01,Caruaru,9.4,29.83,19.64,23.77,160.04,26,30
1975-11-01,Garanhuns,8.8,28.42,17.3,22.0,164.11,26,30
1975-11-01,Petrolina,4.2,34.34,23.03,28.8,230.21,28,30
1975-11-01,Recife,34.4,29.14,23.64,26.01,150.15,16,30
1975-11-01,Salgueiro,1.6,34.69,23.51,29.14,228.75,30,30
1975-11-01,Serra Talhada,0.4,34.68,22.6,28.75,224.97,30,30
1975-12-01,Caruaru,57.5,28.11,19.7,23.11,139.79,14,31
1975-12-01,Garanhuns,39.9,26.6,17.47,21.25,140.46,14,31
1975-12-01,Petrolina,40.1,32.88,22.28,27.34,206.81,24,31
1975-12-01,Recife,47.1,28.3,23.36,25.55,135.49,11,31
1975-12-01,Salgueiro,44.7,33.36,22.72,27.96,205.47,28,31
1975-12-01,Serra Talhada,28.5,33.26,22.23,27.6,206.33,27,31
1976-01-01,Caruaru,36.2,29.54,19.86,23.74,152.38,17,31
1976-01-01,Garanhuns,32.7,28.05,17.62,21.8,151.03,18,31
1976-01-01,Petrolina,8.3,34.14,22.64,28.31,242.84,29,31
1976-01-01,Recife,57.8,29.29,23.66,26.14,149.64,11,31
1976-01-01,Salgueiro,17.9,33.92,23.08,28.42,218.76,26,31
1976-01-01,Serra Talhada,7.7,34.03,22.78,28.33,221.62,29,31
1976-02-01,Caruaru,104.5,27.9,20.27,23.16,120.92,9,29
1976-02-01,Garanhuns,125.4,26.04,18.17,21.28,120.77,13,29
1976-02-01,Petrolina,171.6,29.4,21.24,24.95,137.68,16,29
1976-02-01,Recife,135.3,28.01,23.17,25.34,114.64,2,29
1976-02-01,Salgueiro,255.3,29.21,21.12,24.68,130.2,15,29
1976-02-01,Serra Talhada,330.1,29.38,21.04,24.83,134.27,17,29
1976-03-01,Caruaru,119.8,27.53,20.38,23.11,120.79,7,31
1976-03-01,Garanhuns,92.5,25.99,18.3,21.27,120.51,10,31
1976-03-01,Petrolina,10.8,32.33,22.33,27.15,197.52,28,31
1976-03-01,Recife,157.5,27.93,23.35,25.37,116.04,1,31
1976-03-01,Salgueiro,59.0,30.82,21.49,25.74,158.49,20,31
1976-03-01,Serra Talhada,78.4,30.95,21.52,25.66,156.55,18,31
1976-04-01,Caruaru,48.4,26.84,20.21,22.8,110.58,9,30
1976-04-01,Garanhuns,55.0,24.94,18.23,20.86,104.56,8,30
1976-04-01,Petrolina,8.1,32.44,22.2,27.25,188.59,28,30
1976-04-01,Recife,97.2,27.83,23.32,25.38,107.99,2,30
1976-04-01,Salgueiro,115.5,30.94,21.64,26.05,150.92,21,30
1976-04-01,Serra Talhada,38.7,31.33,21.68,26.24,155.61,22,30
1976-05-01,Caruaru,30.2,27.33,20.01,22.94,109.25,19,31
1976-05-01,Garanhuns,31.9,25.64,17.79,20.99,105.11,14,31
1976-05-01,Petrolina,1.3,32.46,21.64,26.88,185.97,31,31
1976-05-01,Recife,53.0,27.8,23.28,25.29,107.26,7,31
1976-05-01,Salgueiro,3.4,31.88,21.84,26.68,166.58,30,31
1976-05-01,Serra Talhada,2.6,32.35,21.82,26.84,168.96,31,31
1976-06-01,Caruaru,30.7,25.83,18.68,21.56,97.89,16,30
1976-06-01,Garanhuns,41.6,24.32,16.63,19.71,93.77,11,30
1976-06-01,Petrolina,1.5,30.64,19.98,25.15,170.82,30,30
1976-06-01,Recife,74.1,26.82,22.39,24.36,97.88,6,30
1976-06-01,Salgueiro,1.6,30.37,20.09,25.07,156.68,30,30
1976-06-01,Serra Talhada,4.1,30.74,20.11,25.11,156.48,29,30
1976-07-01,Caruaru,21.0,25.31,18.12,20.91,103.56,24,31
1976-07-01,Garanhuns,32.1,23.4,16.06,18.89,96.39,20,31
1976-07-01,Petrolina,1.6,29.95,19.01,24.25,175.76,31,31
1976-07-01,Recife,77.7,26.3,21.89,23.85,102.33,5,31
1976-07-01,Salgueiro,2.4,29.7,18.72,23.99,163.35,30,31
1976-07-01,Serra Talhada,2.0,29.89,18.67,24.0,163.53,30,31
1976-08-01,Caruaru,12.1,25.74,17.61,20.93,119.08,26,31
1976-08-01,Garanhuns,13.7,24.12,15.37,18.96,115.07,26,31
1976-08-01,Petrolina,0.1,31.34,18.98,25.08,211.7,31,31
1976-08-01,Recife,45.9,26.39,21.44,23.67,115.63,14,31
1976-08-01,Salgueiro,0.1,31.19,19.01,24.94,195.11,31,31
1976-08-01,Serra Talhada,0.0,31.29,18.97,24.96,194.54,31,31
1976-09-01,Caruaru,15.5,28.06,18.71,22.49,127.42,22,30
1976-09-01,Garanhuns,20.3,26.65,16.52,20.71,130.04,23,30
1976-09-01,Petrolina,40.7,33.06,21.05,26.96,204.75,25,30
1976-09-01,Recife,29.3,27.74,22.46,24.78,126.24,17,30
1976-09-01,Salgueiro,55.1,33.02,21.14,26.98,197.42,26,30
1976-09-01,Serra Talhada,22.7,33.08,20.86,26.97,192.52,27,30
1976-10-01,Caruaru,27.6,27.71,19.24,22.65,131.49,17,31
1976-10-01,Garanhuns,46.5,25.95,17.15,20.73,128.3,16,31
1976-10-01,Petrolina,30.3,31.29,20.67,25.69,186.38,25,31
1976-10-01,Recife,66.4,27.86,22.85,25.04,133.22,11,31
1976-10-01,Salgueiro,20.1,31.63,21.05,26.06,181.45,27,31
1976-10-01,Serra Talhada,17.5,32.15,21.16,26.36,186.97,26,31
1976-11-01,Caruaru,30.4,29.37,19.68,23.65,150.61,22,30
1976-11-01,Garanhuns,16.8,28.39,17.63,22.13,154.53,23,30
1976-11-01,Petrolina,77.3,31.64,21.91,26.5,175.91,21,30
1976-11-01,Recife,39.8,29.28,23.41,25.96,144.31,14,30
1976-11-01,Salgueiro,24.3,33.02,22.93,27.65,190.63,25,30
1976-11-01,Serra Talhada,13.1,33.64,22.88,28.14,200.51,26,30
1976-12-01,Caruaru,33.6,28.93,20.21,23.66,150.24,17,31
1976-12-01,Garanhuns,24.5,27.98,17.89,22.0,156.64,19,31
1976-12-01,Petrolina,1.8,33.51,22.46,27.93,226.05,31,31
1976-12-01,Recife,67.0,29.07,23.8,26.21,144.11,11,31
1976-12-01,Salgueiro,12.6,34.48,23.16,28.75,229.27,30,31
1976-12-01,Serra Talhada,10.6,34.16,22.26,28.18,221.18,28,31
1977-01-01,Caruaru,97.7,28.66,20.44,23.69,130.91,10,31
1977-01-01,Garanhuns,93.2,27.18,18.46,21.95,130.21,10,31
1977-01-01,Petrolina,181.3,31.06,22.32,26.31,168.09,17,31
1977-01-01,Recife,123.7,28.72,23.75,25.93,121.52,5,31
1977-01-01,Salgueiro,163.2,31.34,22.15,26.12,156.93,12,31
1977-01-01,Serra Talhada,113.2,30.72,21.9,25.75,151.93,12,31
1977-02-01,Caruaru,59.9,28.25,20.33,23.62,125.45,5,28
1977-02-01,Garanhuns,70.4,26.73,18.26,21.75,123.8,3,28
1977-02-01,Petrolina,16.2,31.47,21.74,26.22,168.25,25,28
1977-02-01,Recife,71.2,28.76,23.68,25.96,122.52,2,28
1977-02-01,Salgueiro,70.7,31.89,22.15,26.72,160.53,17,28
1977-02-01,Serra Talhada,49.8,32.02,22.1,26.78,161.96,15,28
1977-03-01,Caruaru,80.9,29.34,20.92,24.21,141.22,11,31
1977-03-01,Garanhuns,69.8,27.66,18.75,22.3,136.37,8,31
1977-03-01,Petrolina,30.6,33.54,23.11,28.22,209.07,27,31
1977-03-01,Recife,102.6,29.54,24.35,26.64,136.63,6,31
1977-03-01,Salgueiro,60.6,32.99,22.96,27.67,177.15,18,31
1977-03-01,Serra Talhada,57.2,33.32,23.25,27.98,186.13,19,31
1977-04-01,Caruaru,172.0,28.02,21.13,23.75,106.06,7,30
1977-04-01,Garanhuns,180.2,26.15,19.21,21.88,103.6,6,30
1977-04-01,Petrolina,83.7,29.89,22.28,25.63,123.73,17,30
1977-04-01,Recife,152.6,28.84,23.92,26.07,104.92,2,30
1977-04-01,Salgueiro,204.5,29.34,21.95,25.14,111.82,10,30
1977-04-01,Serra Talhada,285.0,28.99,21.9,25.01,110.87,12,30
1977-05-01,Caruaru,54.4,26.28,20.39,22.65,97.86,9,31
1977-05-01,Garanhuns,87.6,23.98,18.39,20.48,87.48,8,31
1977-05-01,Petrolina,17.0,30.08,21.44,25.35,141.53,26,31
1977-05-01,Recife,104.2,27.69,23.36,25.25,100.01,2,31
1977-05-01,Salgueiro,53.3,28.32,21.05,24.28,110.15,17,31
1977-05-01,Serra Talhada,36.2,27.95,20.84,23.94,108.8,18,31
1977-06-01,Caruaru,60.6,25.21,19.79,21.77,82.2,8,30
1977-06-01,Garanhuns,74.6,23.0,17.85,19.69,74.5,4,30
1977-06-01,Petrolina,4.7,29.35,21.02,24.7,130.7,30,30
1977-06-01,Recife,120.5,26.68,22.79,24.4,82.13,0,30
1977-06-01,Salgueiro,22.6,28.33,20.56,23.86,107.26,19,30
1977-06-01,Serra Talhada,19.1,28.23,20.46,23.69,105.72,22,30
1977-07-01,Caruaru,41.1,24.23,18.58,20.75,90.17,15,31
1977-07-01,Garanhuns,59.0,21.94,16.63,18.65,82.61,10,31
1977-07-01,Petrolina,3.1,28.78,19.62,23.8,146.39,31,31
1977-07-01,Recife,111.6,26.05,21.98,23.79,93.01,0,31
1977-07-01,Salgueiro,5.7,28.11,19.31,23.26,127.41,30,31
1977-07-01,Serra Talhada,5.9,28.39,19.22,23.3,131.41,30,31
1977-08-01,Caruaru,27.8,25.2,17.81,20.94,103.72,21,31
1977-08-01,Garanhuns,38.2,22.87,15.67,18.78,97.35,14,31
1977-08-01,Petrolina,1.8,30.56,19.42,24.74,182.23,31,31
1977-08-01,Recife,64.8,26.6,21.86,24.02,111.45,7,31
1977-08-01,Salgueiro,0.4,29.95,18.91,24.18,164.27,31,31
1977-08-01,Serra Talhada,0.8,30.29,18.91,24.25,165.55,31,31
1977-09-01,Caruaru,21.0,26.24,18.77,21.77,116.39,23,30
1977-09-01,Garanhuns,28.0,24.28,16.67,19.77,112.98,19,30
1977-09-01,Petrolina,31.4,32.13,20.51,26.14,199.22,27,30
1977-09-01,Recife,57.4,27.53,22.52,24.74,124.92,9,30
1977-09-01,Salgueiro,3.8,31.92,20.56,25.94,189.56,29,30
1977-09-01,Serra Talhada,1.4,32.02,20.32,25.9,190.24,30,30
1977-10-01,Caruaru,22.1,27.73,19.43,22.78,140.91,20,31
1977-10-01,Garanhuns,16.9,26.3,17.24,20.86,139.63,25,31
1977-10-01,Petrolina,1.0,33.41,21.71,27.31,218.45,31,31
1977-10-01,Recife,41.2,28.33,23.14,25.43,141.16,12,31
1977-10-01,Salgueiro,1.8,33.75,22.39,27.9,216.04,30,31
1977-10-01,Serra Talhada,2.1,33.63,21.68,27.56,212.97,31,31
1977-11-01,Caruaru,25.0,29.19,20.13,23.88,148.26,18,30
1977-11-01,Garanhuns,24.8,27.71,17.87,22.12,151.3,19,30
1977-11-01,Petrolina,30.5,34.78,23.7,29.27,225.78,27,30
1977-11-01,Recife,45.8,29.5,23.89,26.37,148.87,14,30
1977-11-01,Salgueiro,12.0,35.31,23.84,29.61,231.38,28,30
1977-11-01,Serra Talhada,4.5,34.71,22.76,28.88,217.73,29,30
1977-12-01,Caruaru,31.6,28.87,20.61,24.05,141.6,18,31
1977-12-01,Garanhuns,31.3,27.62,18.63,22.37,144.36,17,31
1977-12-01,Petrolina,167.8,30.18,22.13,25.76,147.16,16,31
1977-12-01,Recife,49.9,29.83,24.11,26.67,145.24,6,31
1977-12-01,Salgueiro,139.1,32.25,23.15,27.36,166.09,17,31
1977-12-01,Serra Talhada,49.6,32.87,22.99,27.64,173.88,22,31
1978-01-01,Caruaru,40.8,29.29,20.39,24.08,151.04,13,31
1978-01-01,Garanhuns,34.2,27.88,18.16,22.19,152.75,19,31
1978-01-01,Petrolina,75.4,30.75,21.26,25.73,178.74,24,31
1978-01-01,Recife,65.6,29.63,24.22,26.65,146.06,8,31
1978-01-01,Salgueiro,38.0,32.15,22.24,26.95,180.04,21,31
1978-01-01,Serra Talhada,29.1,33.37,22.61,27.8,198.68,23,31
1978-02-01,Caruaru,122.2,28.92,20.79,23.93,115.98,9,28
1978-02-01,Garanhuns,137.3,27.56,18.58,22.16,116.61,8,28
1978-02-01,Petrolina,163.4,29.58,21.92,25.31,124.23,13,28
1978-02-01,Recife,147.6,29.31,24.42,26.5,114.41,3,28
1978-02-01,Salgueiro,263.2,30.12,22.41,25.85,124.09,10,28
1978-02-01,Serra Talhada,263.8,30.3,22.27,25.98,128.59,10,28
1978-03-01,Caruaru,120.8,27.24,20.35,23.04,112.57,9,31
1978-03-01,Garanhuns,167.6,25.08,18.33,20.96,109.09,6,31
1978-03-01,Petrolina,138.1,28.46,21.2,24.35,121.6,14,31
1978-03-01,Recife,154.7,28.25,23.67,25.72,112.98,4,31
1978-03-01,Salgueiro,183.3,28.46,21.17,24.38,122.89,12,31
1978-03-01,Serra Talhada,163.7,28.31,20.93,24.25,122.8,16,31
1978-04-01,Caruaru,58.4,28.05,20.62,23.65,118.42,12,30
1978-04-01,Garanhuns,59.4,26.15,18.54,21.65,111.59,12,30
1978-04-01,Petrolina,42.6,29.6,21.42,25.09,130.09,18,30
1978-04-01,Recife,96.6,28.8,23.94,26.15,114.04,7,30
1978-04-01,Salgueiro,157.7,29.25,21.53,25.05,123.48,15,30
1978-04-01,Serra Talhada,65.3,29.75,21.5,25.31,132.3,19,30
1978-05-01,Caruaru,52.7,27.4,20.73,23.22,108.22,11,31
1978-05-01,Garanhuns,60.5,25.68,18.65,21.31,105.89,16,31
1978-05-01,Petrolina,46.5,28.74,21.09,24.45,113.4,21,31
1978-05-01,Recife,90.7,28.05,23.53,25.56,102.76,6,31
1978-05-01,Salgueiro,124.5,28.48,21.21,24.35,108.77,19,31
1978-05-01,Serra Talhada,55.1,28.5,21.21,24.42,112.32,22,31
1978-06-01,Caruaru,25.6,26.1,19.26,21.97,96.6,17,30
1978-06-01,Garanhuns,57.2,23.87,17.17,19.85,86.77,9,30
1978-06-01,Petrolina,6.0,28.27,20.3,23.76,122.68,27,30
1978-06-01,Recife,102.4,27.04,22.82,24.65,92.06,4,30
1978-06-01,Salgueiro,22.3,28.09,20.04,23.64,117.71,25,30
1978-06-01,Serra Talhada,15.5,28.64,19.74,23.68,122.23,25,30
1978-07-01,Caruaru,58.4,25.23,19.35,21.53,87.53,13,31
1978-07-01,Garanhuns,68.8,23.05,17.23,19.42,81.35,9,31
1978-07-01,Petrolina,6.2,28.92,20.34,24.08,129.79,29,31
1978-07-01,Recife,168.4,26.25,22.32,24.01,84.28,0,31
1978-07-01,Salgueiro,14.8,28.89,20.22,24.11,125.84,26,31
1978-07-01,Serra Talhada,10.8,29.25,20.31,24.28,129.18,27,31
1978-08-01,Caruaru,22.3,25.55,18.01,21.01,108.55,23,31
1978-08-01,Garanhuns,34.9,23.22,15.95,18.86,101.57,17,31
1978-08-01,Petrolina,2.7,29.69,18.92,23.9,170.01,31,31
1978-08-01,Recife,70.0,26.25,21.87,23.84,106.66,5,31
1978-08-01,Salgueiro,2.5,29.23,18.98,23.82,161.53,31,31
1978-08-01,Serra Talhada,1.3,29.74,19.07,24.02,165.11,31,31
1978-09-01,Caruaru,32.1,25.79,18.4,21.38,112.32,14,30
1978-09-01,Garanhuns,41.2,23.77,16.22,19.26,107.89,16,30
1978-09-01,Petrolina,0.9,31.16,19.87,25.35,192.16,30,30
1978-09-01,Recife,68.6,26.62,22.05,24.06,117.52,5,30
1978-09-01,Salgueiro,2.4,30.92,20.13,25.27,177.13,30,30
1978-09-01,Serra Talhada,1.5,31.19,20.01,25.33,181.16,30,30
1978-10-01,Caruaru,18.6,28.28,19.23,22.89,140.15,22,31
1978-10-01,Garanhuns,21.0,26.72,16.99,21.03,143.91,22,31
1978-10-01,Petrolina,1.7,33.51,22.0,27.73,221.93,31,31
1978-10-01,Recife,45.7,27.94,22.96,25.08,136.46,11,31
1978-10-01,Salgueiro,1.9,33.54,22.29,27.91,221.45,31,31
1978-10-01,Serra Talhada,0.4,33.63,21.53,27.66,218.52,31,31
1978-11-01,Caruaru,16.9,29.68,19.6,23.66,152.66,23,30
1978-11-01,Garanhuns,15.4,27.93,17.3,21.7,153.44,25,30
1978-11-01,Petrolina,19.7,33.65,22.67,28.04,208.75,26,30
1978-11-01,Recife,38.1,29.06,23.45,25.87,142.92,18,30
1978-11-01,Salgueiro,22.3,34.22,23.3,28.75,212.85,27,30
1978-11-01,Serra Talhada,11.7,34.36,22.54,28.54,212.66,27,30
1978-12-01,Caruaru,37.4,29.07,20.05,23.75,147.22,20,31
1978-12-01,Garanhuns,41.9,27.42,17.86,21.83,146.58,21,31
1978-12-01,Petrolina,78.2,30.25,21.65,25.45,152.35,19,31
1978-12-01,Recife,68.9,29.22,23.76,26.13,138.6,15,31
1978-12-01,Salgueiro,82.9,31.47,22.53,26.67,166.01,19,31
1978-12-01,Serra Talhada,37.2,32.73,22.75,27.51,180.44,24,31
1979-01-01,Caruaru,19.7,29.92,20.65,24.51,152.76,22,31
1979-01-01,Garanhuns,31.6,28.38,18.4,22.62,154.71,23,31
1979-01-01,Petrolina,276.6,30.21,22.1,25.83,146.28,14,31
1979-01-01,Recife,36.2,30.13,24.61,26.96,149.93,15,31
1979-01-01,Salgueiro,142.0,32.32,23.08,27.43,174.18,20,31
1979-01-01,Serra Talhada,42.3,33.63,23.3,28.32,188.6,22,31
1979-02-01,Caruaru,39.3,29.55,20.95,24.36,130.8,17,28
1979-02-01,Garanhuns,35.3,27.81,18.82,22.45,129.27,17,28
1979-02-01,Petrolina,135.5,29.1,21.74,24.89,115.79,12,28
1979-02-01,Recife,42.2,30.1,24.51,26.91,131.43,12,28
1979-02-01,Salgueiro,133.5,30.26,22.12,25.61,122.8,14,28
1979-02-01,Serra Talhada,63.9,32.24,23.15,27.22,144.27,16,28
1979-03-01,Caruaru,28.6,29.55,20.9,24.42,147.31,19,31
1979-03-01,Garanhuns,28.5,28.21,18.84,22.73,146.69,21,31
1979-03-01,Petrolina,37.9,30.48,21.85,25.82,153.93,21,31
1979-03-01,Recife,52.9,29.76,24.47,26.79,141.03,10,31
1979-03-01,Salgueiro,112.2,31.23,22.41,26.46,158.21,23,31
1979-03-01,Serra Talhada,180.5,32.33,22.62,27.17,172.2,22,31
1979-04-01,Caruaru,38.3,29.27,20.94,24.28,129.55,16,30
1979-04-01,Garanhuns,77.3,27.52,18.86,22.36,124.07,14,30
1979-04-01,Petrolina,47.9,30.95,21.98,26.08,153.06,24,30
1979-04-01,Recife,45.0,30.05,24.4,26.88,131.13,13,30
1979-04-01,Salgueiro,54.7,30.38,21.7,25.66,142.17,20,30
1979-04-01,Serra Talhada,49.3,30.25,21.66,25.62,139.44,21,30
1979-05-01,Caruaru,35.2,26.85,20.53,23.04,98.99,17,31
1979-05-01,Garanhuns,42.7,24.78,18.49,20.95,94.86,13,31
1979-05-01,Petrolina,7.8,29.37,21.18,24.87,126.85,28,31
1979-05-01,Recife,116.4,27.87,23.6,25.44,99.3,4,31
1979-05-01,Salgueiro,15.3,29.46,21.4,24.99,121.91,25,31
1979-05-01,Serra Talhada,14.0,29.4,21.15,24.82,121.24,27,31
1979-06-01,Caruaru,26.2,25.1,18.92,21.4,91.54,17,30
1979-06-01,Garanhuns,48.1,22.81,16.91,19.24,82.77,15,30
1979-06-01,Petrolina,4.0,28.26,19.81,23.46,132.14,28,30
1979-06-01,Recife,64.7,26.76,22.84,24.55,99.15,8,30
1979-06-01,Salgueiro,1.6,28.64,19.86,23.74,127.78,30,30
1979-06-01,Serra Talhada,1.2,28.97,19.71,23.78,131.1,30,30
1979-07-01,Caruaru,25.5,24.89,18.39,20.97,92.53,21,31
1979-07-01,Garanhuns,33.1,22.71,16.27,18.85,84.96,18,31
1979-07-01,Petrolina,0.9,28.47,19.12,23.38,143.95,31,31
1979-07-01,Recife,58.0,26.45,22.02,23.86,98.7,15,31
1979-07-01,Salgueiro,1.3,28.92,19.33,23.53,141.47,31,31
1979-07-01,Serra Talhada,0.7,29.1,19.33,23.55,143.25,31,31
1979-08-01,Caruaru,15.3,25.7,18.32,21.25,105.37,26,31
1979-08-01,Garanhuns,24.5,23.69,16.18,19.15,99.76,21,31
1979-08-01,Petrolina,0.6,30.55,19.42,24.68,184.73,31,31
1979-08-01,Recife,44.0,26.89,22.32,24.25,117.43,12,31
1979-08-01,Salgueiro,0.0,31.06,19.65,24.96,182.98,31,31
1979-08-01,Serra Talhada,0.4,31.23,19.62,24.96,184.76,31,31
1979-09-01,Caruaru,35.5,26.3,19.26,22.0,110.89,16,30
1979-09-01,Garanhuns,38.6,24.47,17.14,19.94,104.88,15,30
1979-09-01,Petrolina,1.1,32.1,20.56,26.1,205.7,29,30
1979-09-01,Recife,88.1,27.16,22.76,24.61,111.15,3,30
1979-09-01,Salgueiro,2.0,32.49,21.02,26.42,193.18,29,30
1979-09-01,Serra Talhada,6.0,32.23,20.87,26.14,186.21,28,30
1979-10-01,Caruaru,9.7,28.36,19.55,23.21,138.86,27,31
1979-10-01,Garanhuns,13.8,26.85,17.41,21.35,142.12,25,31
1979-10-01,Petrolina,33.8,33.15,21.98,27.51,209.45,28,31
1979-10-01,Recife,37.9,28.5,23.34,25.57,140.99,15,31
1979-10-01,Salgueiro,8.6,34.34,22.47,28.24,223.89,28,31
1979-10-01,Serra Talhada,4.4,34.5,21.94,28.17,223.24,29,31
1979-11-01,Caruaru,14.5,29.64,20.09,24.0,149.0,23,30
1979-11-01,Garanhuns,18.9,28.62,17.97,22.41,156.22,23,30
1979-11-01,Petrolina,69.4,31.67,22.59,26.81,166.93,21,30
1979-11-01,Recife,30.8,29.34,23.8,26.17,143.07,13,30
1979-11-01,Salgueiro,27.6,34.27,23.82,28.81,195.45,22,30
1979-11-01,Serra Talhada,16.8,34.57,23.32,28.91,198.36,26,30
1979-12-01,Caruaru,8.6,30.93,20.51,24.86,166.99,28,31
1979-12-01,Garanhuns,6.4,29.62,18.35,23.17,173.24,28,31
1979-12-01,Petrolina,38.6,33.3,23.2,28.08,195.72,22,31
1979-12-01,Recife,32.5,30.16,24.26,26.85,154.66,19,31
1979-12-01,Salgueiro,17.5,34.7,24.01,29.21,203.3,25,31
1979-12-01,Serra Talhada,4.3,35.19,23.99,29.71,213.26,30,31
1980-01-01,Caruaru,43.6,29.38,20.99,24.28,141.86,17,31
1980-01-01,Garanhuns,58.0,27.72,18.85,22.47,139.14,13,31
1980-01-01,Petrolina,301.0,28.9,21.64,24.79,125.77,12,31
1980-01-01,Recife,63.7,29.5,24.46,26.72,138.29,10,31
1980-01-01,Salgueiro,149.2,30.58,22.12,25.85,142.4,12,31
1980-01-01,Serra Talhada,88.9,32.11,22.66,26.89,158.11,15,31
1980-02-01,Caruaru,111.9,27.81,20.79,23.45,107.8,7,29
1980-02-01,Garanhuns,111.0,25.46,18.88,21.43,100.13,7,29
1980-02-01,Petrolina,188.3,27.86,21.65,24.19,101.9,6,29
1980-02-01,Recife,141.4,28.67,23.89,26.0,107.56,6,29
1980-02-01,Salgueiro,278.4,28.4,21.48,24.34,103.57,1,29
1980-02-01,Serra Talhada,339.5,28.55,21.57,24.48,109.02,5,29
1980-03-01,Caruaru,49.1,27.54,20.22,23.16,126.96,12,31
1980-03-01,Garanhuns,56.6,25.49,18.29,21.12,122.03,13,31
1980-03-01,Petrolina,10.5,30.5,21.31,25.39,168.39,29,31
1980-03-01,Recife,96.4,28.25,23.8,25.77,123.38,7,31
1980-03-01,Salgueiro,74.7,29.75,21.27,25.01,149.22,22,31
1980-03-01,Serra Talhada,50.5,30.2,21.04,25.13,155.57,25,31
1980-04-01,Caruaru,25.9,28.13,20.29,23.52,122.75,21,30
1980-04-01,Garanhuns,25.9,26.2,18.22,21.48,116.23,22,30
1980-04-01,Petrolina,4.4,31.75,21.73,26.53,175.2,29,30
1980-04-01,Recife,54.5,28.75,23.99,26.14,120.94,12,30
1980-04-01,Salgueiro,2.5,31.71,22.12,26.82,168.65,30,30
1980-04-01,Serra Talhada,4.4,32.52,22.19,27.18,175.75,29,30
1980-05-01,Caruaru,20.9,27.22,20.05,22.91,111.41,22,31
1980-05-01,Garanhuns,30.3,25.15,18.03,20.79,102.55,19,31
1980-05-01,Petrolina,0.7,30.57,20.97,25.54,159.55,31,31
1980-05-01,Recife,66.4,28.05,23.59,25.51,111.02,6,31
1980-05-01,Salgueiro,2.8,30.88,21.33,25.81,157.53,29,31
1980-05-01,Serra Talhada,1.5,31.9,21.35,26.25,170.46,31,31
1980-06-01,Caruaru,38.2,25.65,19.55,21.97,84.7,19,30
1980-06-01,Garanhuns,47.3,23.64,17.35,19.85,79.48,17,30
1980-06-01,Petrolina,0.2,29.77,20.28,24.72,144.21,30,30
1980-06-01,Recife,122.2,26.9,22.92,24.63,85.8,2,30
1980-06-01,Salgueiro,4.5,29.86,20.62,24.87,138.26,29,30
1980-06-01,Serra Talhada,8.4,30.31,20.59,24.92,140.59,28,30
1980-07-01,Caruaru,20.4,25.15,18.53,21.15,97.29,24,31
1980-07-01,Garanhuns,37.4,22.81,16.39,18.95,88.01,16,31
1980-07-01,Petrolina,1.1,29.25,19.41,24.0,157.17,31,31
1980-07-01,Recife,51.8,26.49,22.14,24.05,102.01,14,31
1980-07-01,Salgueiro,3.0,29.38,19.29,23.99,150.66,30,31
1980-07-01,Serra Talhada,1.0,29.82,19.25,24.1,153.89,31,31
1980-08-01,Caruaru,19.0,25.77,18.28,21.28,111.7,23,31
1980-08-01,Garanhuns,24.9,23.66,16.25,19.16,104.33,22,31
1980-08-01,Petrolina,0.8,30.63,19.32,24.78,190.08,31,31
1980-08-01,Recife,67.3,26.62,22.1,24.1,114.66,12,31
1980-08-01,Salgueiro,0.0,30.95,19.47,24.91,185.23,31,31
1980-08-01,Serra Talhada,0.0,31.44,19.47,25.07,189.28,31,31
1980-09-01,Caruaru,21.7,27.65,18.86,22.51,126.32,22,30
1980-09-01,Garanhuns,26.4,26.04,16.74,20.56,125.45,20,30
1980-09-01,Petrolina,0.9,32.39,20.78,26.48,200.09,30,30
1980-09-01,Recife,39.2,27.98,22.6,25.0,127.24,12,30
1980-09-01,Salgueiro,1.5,33.08,21.37,27.11,199.08,30,30
1980-09-01,Serra Talhada,1.8,33.33,21.26,27.17,198.92,29,30
1980-10-01,Caruaru,24.5,28.11,19.56,22.99,138.62,22,31
1980-10-01,Garanhuns,30.3,26.43,17.35,20.98,135.96,18,31
1980-10-01,Petrolina,1.2,33.3,21.31,27.19,223.77,31,31
1980-10-01,Recife,49.4,28.26,23.22,25.44,138.75,11,31
1980-10-01,Salgueiro,3.3,33.95,21.82,27.66,223.62,30,31
1980-10-01,Serra Talhada,7.4,33.65,21.42,27.37,214.52,28,31
1980-11-01,Caruaru,41.0,28.7,20.16,23.58,137.04,18,30
1980-11-01,Garanhuns,59.3,27.09,18.04,21.74,139.31,18,30
1980-11-01,Petrolina,48.0,32.1,22.65,27.02,175.89,20,30
1980-11-01,Recife,43.9,29.0,23.63,26.04,135.98,12,30
1980-11-01,Salgueiro,110.2,32.58,23.16,27.55,175.3,21,30
1980-11-01,Serra Talhada,96.1,32.5,22.52,27.34,174.6,25,30
1980-12-01,Caruaru,19.5,29.63,20.16,24.1,154.92,23,31
1980-12-01,Garanhuns,18.7,28.26,18.06,22.43,158.98,22,31
1980-12-01,Petrolina,96.2,32.03,22.92,27.09,172.14,16,31
1980-12-01,Recife,32.3,29.42,23.8,26.32,145.17,18,31
1980-12-01,Salgueiro,28.5,33.51,23.56,28.24,194.55,23,31
1980-12-01,Serra Talhada,12.8,33.73,23.12,28.3,197.84,27,31
1981-01-01,Caruaru,87.2,28.25,20.42,23.45,133.35,9,31
1981-01-01,Garanhuns,80.9,26.84,18.34,21.59,135.34,9,31
1981-01-01,Petrolina,64.6,31.32,21.85,26.12,176.38,19,31
1981-01-01,Recife,65.5,29.03,23.87,26.17,134.43,6,31
1981-01-01,Salgueiro,97.7,32.33,22.61,27.02,176.74,17,31
1981-01-01,Serra Talhada,101.0,32.43,22.46,27.08,183.17,21,31
1981-02-01,Caruaru,25.0,28.09,20.26,23.41,128.12,16,28
1981-02-01,Garanhuns,27.2,26.13,18.09,21.32,123.65,18,28
1981-02-01,Petrolina,13.4,33.33,21.87,27.41,206.53,25,28
1981-02-01,Recife,61.2,28.64,23.92,26.03,126.25,6,28
1981-02-01,Salgueiro,1.9,33.13,21.72,27.3,193.77,27,28
1981-02-01,Serra Talhada,2.4,33.05,21.31,27.04,190.44,28,28
1981-03-01,Caruaru,347.7,28.39,20.73,23.61,116.72,13,31
1981-03-01,Garanhuns,285.3,26.7,18.8,21.89,115.88,12,31
1981-03-01,Petrolina,242.2,30.11,22.47,25.84,132.34,8,31
1981-03-01,Recife,251.0,29.14,24.01,26.15,119.04,10,31
1981-03-01,Salgueiro,237.0,30.76,22.71,26.26,140.43,11,31
1981-03-01,Serra Talhada,341.2,30.35,22.28,25.99,133.81,12,31
1981-04-01,Caruaru,45.5,27.0,20.44,23.07,109.68,17,30
1981-04-01,Garanhuns,69.3,24.7,18.44,20.94,101.56,13,30
1981-04-01,Petrolina,30.8,28.46,21.03,24.36,118.98,22,30
1981-04-01,Recife,61.5,28.43,23.67,25.79,117.04,9,30
1981-04-01,Salgueiro,59.8,28.85,21.08,24.58,119.54,22,30
1981-04-01,Serra Talhada,41.1,28.87,20.88,24.49,120.8,24,30
1981-05-01,Caruaru,23.0,25.69,19.76,22.12,95.16,22,31
1981-05-01,Garanhuns,32.5,23.34,17.57,19.91,87.75,15,31
1981-05-01,Petrolina,0.4,29.23,20.31,24.38,139.26,31,31
1981-05-01,Recife,62.4,27.58,23.52,25.26,109.65,10,31
1981-05-01,Salgueiro,0.5,29.18,20.62,24.61,135.06,31,31
1981-05-01,Serra Talhada,0.4,29.71,20.67,24.8,139.99,31,31
1981-06-01,Caruaru,18.7,25.05,18.95,21.42,88.07,25,30
1981-06-01,Garanhuns,30.1,22.71,16.79,19.23,80.28,17,30
1981-06-01,Petrolina,2.4,29.14,19.95,24.19,139.61,30,30
1981-06-01,Recife,70.1,26.77,22.65,24.46,97.2,5,30
1981-06-01,Salgueiro,0.5,29.36,19.93,24.31,139.31,30,30
1981-06-01,Serra Talhada,4.6,29.71,19.89,24.4,139.88,28,30
1981-07-01,Caruaru,22.5,24.46,17.79,20.47,99.24,22,31
1981-07-01,Garanhuns,59.8,21.85,15.78,18.2,85.19,13,31
1981-07-01,Petrolina,2.2,27.87,18.49,22.87,146.67,30,31
1981-07-01,Recife,68.7,26.17,21.85,23.71,108.42,11,31
1981-07-01,Salgueiro,2.1,28.26,18.31,22.88,146.4,31,31
1981-07-01,Serra Talhada,4.3,28.4,18.36,22.9,147.93,29,31
1981-08-01,Caruaru,23.1,24.88,17.63,20.58,104.18,21,31
1981-08-01,Garanhuns,29.9,22.6,15.45,18.35,97.37,20,31
1981-08-01,Petrolina,1.1,29.4,18.59,23.76,171.26,31,31
1981-08-01,Recife,51.7,26.35,21.81,23.77,114.35,13,31
1981-08-01,Salgueiro,0.5,30.04,18.47,24.02,177.03,31,31
1981-08-01,Serra Talhada,0.4,30.02,18.45,23.94,174.48,31,31
1981-09-01,Caruaru,18.1,25.83,18.04,21.21,115.42,22,30
1981-09-01,Garanhuns,38.3,23.4,15.89,18.96,104.78,15,30
1981-09-01,Petrolina,0.6,31.43,19.45,25.4,206.0,30,30
1981-09-01,Recife,45.6,26.96,22.22,24.23,125.71,12,30
1981-09-01,Salgueiro,0.6,31.23,19.31,24.99,191.1,30,30
1981-09-01,Serra Talhada,1.1,31.69,19.3,25.06,192.59,30,30
1981-10-01,Caruaru,6.4,29.83,19.35,23.67,164.59,29,31
1981-10-01,Garanhuns,5.8,27.74,17.05,21.55,159.85,28,31
1981-10-01,Petrolina,0.7,34.37,22.4,28.45,230.5,31,31
1981-10-01,Recife,19.0,29.33,23.45,25.93,156.0,23,31
1981-10-01,Salgueiro,0.0,35.32,22.95,29.17,244.21,31,31
1981-10-01,Serra Talhada,0.1,35.26,22.06,28.85,237.28,31,31
1981-11-01,Caruaru,11.2,29.9,20.07,24.0,153.86,26,30
1981-11-01,Garanhuns,16.2,28.29,17.67,22.12,158.92,28,30
1981-11-01,Petrolina,37.3,33.45,22.86,28.03,201.0,26,30
1981-11-01,Recife,33.2,29.31,23.88,26.18,144.15,15,30
1981-11-01,Salgueiro,1.1,35.37,24.13,29.68,224.12,30,30
1981-11-01,Serra Talhada,1.0,35.13,22.76,29.06,216.64,29,30
1981-12-01,Caruaru,36.9,28.38,20.56,23.68,136.59,15,31
1981-12-01,Garanhuns,43.4,26.91,18.47,21.85,139.57,14,31
1981-12-01,Petrolina,35.3,33.63,22.87,28.03,216.77,23,31
1981-12-01,Recife,95.7,28.76,24.04,26.08,130.35,7,31
1981-12-01,Salgueiro,32.7,33.95,23.44,28.37,206.1,22,31
1981-12-01,Serra Talhada,28.9,33.56,22.88,27.85,199.19,24,31
1982-01-01,Caruaru,26.3,29.31,20.18,23.94,152.27,22,31
1982-01-01,Garanhuns,13.5,28.09,18.02,22.23,158.01,26,31
1982-01-01,Petrolina,45.8,31.78,22.35,26.79,181.26,23,31
1982-01-01,Recife,46.8,29.21,23.76,26.18,146.58,17,31
1982-01-01,Salgueiro,67.0,32.79,23.03,27.56,177.08,22,31
1982-01-01,Serra Talhada,28.5,33.85,23.28,28.36,195.71,23,31
1982-02-01,Caruaru,39.4,28.06,20.29,23.33,120.29,16,28
1982-02-01,Garanhuns,30.4,26.69,18.24,21.55,120.79,16,28
1982-02-01,Petrolina,26.4,33.02,22.6,27.58,188.26,25,28
1982-02-01,Recife,71.1,28.54,23.64,25.85,120.02,6,28
1982-02-01,Salgueiro,78.6,32.56,22.74,27.25,165.61,19,28
1982-02-01,Serra Talhada,33.9,33.09,22.52,27.33,169.99,19,28
1982-03-01,Caruaru,24.3,29.98,20.62,24.43,152.14,22,31
1982-03-01,Garanhuns,13.6,28.91,18.59,22.87,156.09,26,31
1982-03-01,Petrolina,53.7,32.43,22.92,27.26,170.82,18,31
1982-03-01,Recife,52.2,29.87,24.34,26.81,143.41,15,31
1982-03-01,Salgueiro,100.4,31.0,22.26,26.07,148.4,13,31
1982-03-01,Serra Talhada,64.0,32.56,22.92,27.4,170.15,18,31
1982-04-01,Caruaru,64.4,27.93,20.9,23.64,113.0,12,30
1982-04-01,Garanhuns,100.7,25.85,18.9,21.53,101.81,9,30
1982-04-01,Petrolina,36.8,31.09,22.32,26.34,157.46,24,30
1982-04-01,Recife,72.7,29.15,24.01,26.2,117.4,6,30
1982-04-01,Salgueiro,107.1,30.34,22.45,25.92,132.66,16,30
1982-04-01,Serra Talhada,208.2,30.27,22.27,25.85,134.3,16,30
1982-05-01,Caruaru,69.4,26.04,20.08,22.32,94.47,10,31
1982-05-01,Garanhuns,111.1,23.51,18.02,20.11,82.14,8,31
1982-05-01,Petrolina,2.4,30.41,21.46,25.64,160.11,31,31
1982-05-01,Recife,136.4,27.48,23.43,25.14,97.21,3,31
1982-05-01,Salgueiro,14.6,28.78,20.74,24.32,121.38,23,31
1982-05-01,Serra Talhada,25.0,28.04,20.21,23.64,109.84,23,31
1982-06-01,Caruaru,41.1,25.16,19.47,21.68,83.97,13,30
1982-06-01,Garanhuns,53.4,22.91,17.33,19.55,78.68,9,30
1982-06-01,Petrolina,5.8,29.49,20.69,24.66,134.13,29,30
1982-06-01,Recife,92.5,26.93,22.98,24.6,87.2,4,30
1982-06-01,Salgueiro,5.3,29.84,20.45,24.67,133.94,28,30
1982-06-01,Serra Talhada,3.8,29.79,20.2,24.48,132.67,29,30
1982-07-01,Caruaru,25.7,24.43,18.4,20.83,87.38,19,31
1982-07-01,Garanhuns,37.7,22.39,16.21,18.72,83.59,12,31
1982-07-01,Petrolina,1.0,29.45,19.46,24.14,157.31,31,31
1982-07-01,Recife,79.7,26.2,21.97,23.86,92.67,6,31
1982-07-01,Salgueiro,2.2,29.1,19.33,23.88,141.81,30,31
1982-07-01,Serra Talhada,1.9,29.23,19.28,23.8,139.07,30,31
1982-08-01,Caruaru,29.2,24.72,18.1,20.77,100.91,18,31
1982-08-01,Garanhuns,40.3,22.67,15.89,18.67,95.57,13,31
1982-08-01,Petrolina,1.6,30.24,19.45,24.62,177.01,31,31
1982-08-01,Recife,72.2,25.98,21.75,23.61,102.98,4,31
1982-08-01,Salgueiro,1.0,30.28,19.09,24.35,170.7,31,31
1982-08-01,Serra Talhada,0.8,30.04,18.86,24.16,165.52,31,31
1982-09-01,Caruaru,22.9,26.96,18.91,22.16,120.3,21,30
1982-09-01,Garanhuns,28.8,24.93,16.71,20.08,115.53,20,30
1982-09-01,Petrolina,4.0,31.34,20.62,25.67,175.24,29,30
1982-09-01,Recife,41.7,27.55,22.66,24.75,123.4,12,30
1982-09-01,Salgueiro,0.9,32.51,20.91,26.32,185.54,30,30
1982-09-01,Serra Talhada,0.9,32.72,20.76,26.38,189.54,30,30
1982-10-01,Caruaru,12.4,28.23,19.01,22.82,145.86,25,31
1982-10-01,Garanhuns,8.3,26.88,16.7,20.98,152.42,26,31
1982-10-01,Petrolina,4.2,33.55,21.46,27.33,223.97,30,31
1982-10-01,Recife,28.1,28.54,22.99,25.44,143.3,20,31
1982-10-01,Salgueiro,0.9,34.13,22.07,28.05,224.68,31,31
1982-10-01,Serra Talhada,0.6,33.99,21.53,27.86,222.28,31,31
1982-11-01,Caruaru,15.5,29.06,19.86,23.58,147.31,23,30
1982-11-01,Garanhuns,18.1,27.53,17.52,21.66,148.97,21,30
1982-11-01,Petrolina,0.3,34.54,22.56,28.63,233.65,30,30
1982-11-01,Recife,40.7,29.07,23.62,26.03,143.98,12,30
1982-11-01,Salgueiro,1.5,35.21,23.41,29.3,231.03,30,30
1982-11-01,Serra Talhada,0.6,34.82,22.32,28.73,220.62,30,30
1982-12-01,Caruaru,27.3,28.82,20.3,23.71,142.24,18,31
1982-12-01,Garanhuns,27.0,27.43,18.08,21.92,147.41,20,31
1982-12-01,Petrolina,16.0,34.21,23.08,28.66,226.01,27,31
1982-12-01,Recife,57.9,28.95,23.91,26.12,139.66,9,31
1982-12-01,Salgueiro,10.4,34.95,23.68,29.15,225.67,27,31
1982-12-01,Serra Talhada,5.4,34.66,22.94,28.75,219.0,28,31
1983-01-01,Caruaru,34.1,30.06,21.12,24.75,149.96,19,31
1983-01-01,Garanhuns,39.8,28.94,19.1,23.21,156.3,22,31
1983-01-01,Petrolina,103.0,32.82,23.78,28.14,173.41,19,31
1983-01-01,Recife,75.5,29.86,24.49,26.82,137.05,12,31
1983-01-01,Salgueiro,33.5,34.39,23.97,29.1,196.56,23,31
1983-01-01,Serra Talhada,17.7,34.53,23.88,29.18,200.56,26,31
1983-02-01,Caruaru,51.9,28.73,21.21,24.12,122.86,13,28
1983-02-01,Garanhuns,79.0,26.69,18.97,21.98,117.58,12,28
1983-02-01,Petrolina,83.7,30.42,22.04,25.77,134.44,17,28
1983-02-01,Recife,73.0,29.18,24.32,26.42,118.24,7,28
1983-02-01,Salgueiro,110.0,31.6,22.32,26.52,148.62,15,28
1983-02-01,Serra Talhada,209.2,31.38,22.09,26.34,146.98,16,28
1983-03-01,Caruaru,62.5,28.74,21.4,24.25,130.66,10,31
1983-03-01,Garanhuns,61.4,26.9,19.34,22.24,127.14,10,31
1983-03-01,Petrolina,52.1,32.29,23.14,27.33,175.54,22,31
1983-03-01,Recife,141.2,29.3,24.45,26.47,124.84,5,31
1983-03-01,Salgueiro,113.1,33.16,23.29,27.71,178.55,18,31
1983-03-01,Serra Talhada,110.3,32.9,23.02,27.55,174.72,19,31
1983-04-01,Caruaru,18.4,29.1,21.17,24.29,129.99,21,30
1983-04-01,Garanhuns,24.1,27.45,19.0,22.31,127.01,19,30
1983-04-01,Petrolina,19.2,31.72,22.11,26.5,164.13,26,30
1983-04-01,Recife,66.7,29.24,24.8,26.69,121.92,8,30
1983-04-01,Salgueiro,20.8,32.26,22.3,27.0,172.67,26,30
1983-04-01,Serra Talhada,21.0,32.39,21.97,26.89,171.4,28,30
1983-05-01,Caruaru,21.5,27.72,20.43,23.4,112.95,21,31
1983-05-01,Garanhuns,18.1,26.45,18.41,21.59,114.04,22,31
1983-05-01,Petrolina,0.4,32.72,21.78,27.01,189.29,31,31
1983-05-01,Recife,49.7,28.72,24.02,26.06,112.63,12,31
1983-05-01,Salgueiro,1.6,32.79,22.47,27.52,179.52,31,31
1983-05-01,Serra Talhada,2.9,32.72,22.33,27.42,177.01,31,31
1983-06-01,Caruaru,21.1,26.37,19.44,22.24,95.77,21,30
1983-06-01,Garanhuns,24.8,24.62,17.39,20.28,93.87,19,30
1983-06-01,Petrolina,0.2,30.95,20.67,25.55,161.43,30,30
1983-06-01,Recife,47.9,27.82,23.09,25.14,103.91,10,30
1983-06-01,Salgueiro,0.6,31.2,20.74,25.68,156.73,30,30
1983-06-01,Serra Talhada,1.3,31.22,20.66,25.64,156.04,30,30
1983-07-01,Caruaru,19.8,25.67,18.79,21.54,102.4,23,31
1983-07-01,Garanhuns,26.7,23.9,16.7,19.55,96.15,20,31
1983-07-01,Petrolina,1.3,30.55,19.92,25.02,172.6,31,31
1983-07-01,Recife,53.3,26.95,22.18,24.27,104.5,9,31
1983-07-01,Salgueiro,0.4,30.96,20.02,25.27,168.62,31,31
1983-07-01,Serra Talhada,0.6,30.88,20.0,25.26,165.63,31,31
1983-08-01,Caruaru,26.8,25.57,18.49,21.28,106.68,21,31
1983-08-01,Garanhuns,42.9,23.59,16.35,19.24,100.62,15,31
1983-08-01,Petrolina,1.4,30.37,19.51,24.68,179.29,31,31
1983-08-01,Recife,58.9,26.81,22.2,24.21,113.13,14,31
1983-08-01,Salgueiro,2.0,30.56,19.69,24.79,171.14,31,31
1983-08-01,Serra Talhada,1.3,30.49,19.71,24.7,168.84,31,31
1983-09-01,Caruaru,11.7,27.83,18.67,22.45,136.04,25,30
1983-09-01,Garanhuns,15.3,26.14,16.45,20.48,135.51,24,30
1983-09-01,Petrolina,0.4,33.4,20.85,27.12,220.85,30,30
1983-09-01,Recife,37.7,27.98,22.69,25.05,131.27,13,30
1983-09-01,Salgueiro,0.0,34.01,21.3,27.58,221.75,30,30
1983-09-01,Serra Talhada,0.1,33.8,20.82,27.26,213.81,30,30
1983-10-01,Caruaru,19.2,27.86,19.18,22.73,138.93,21,31
1983-10-01,Garanhuns,14.0,26.35,16.99,20.9,140.39,24,31
1983-10-01,Petrolina,0.4,33.61,21.91,27.76,231.78,31,31
1983-10-01,Recife,53.3,28.07,22.92,25.21,137.6,12,31
1983-10-01,Salgueiro,0.3,34.54,22.27,28.34,235.66,31,31
1983-10-01,Serra Talhada,0.0,34.12,21.36,27.75,226.41,31,31
1983-11-01,Caruaru,11.1,30.1,19.88,24.13,157.15,27,30
1983-11-01,Garanhuns,17.4,28.65,17.71,22.46,162.97,27,30
1983-11-01,Petrolina,27.6,34.25,23.62,28.89,211.87,25,30
1983-11-01,Recife,22.7,29.75,23.76,26.38,151.1,17,30
1983-11-01,Salgueiro,18.0,35.43,23.94,29.77,223.6,27,30
1983-11-01,Serra Talhada,8.8,34.94,23.05,29.27,215.49,28,30
1983-12-01,Caruaru,16.9,29.96,19.93,24.17,161.56,23,31
1983-12-01,Garanhuns,12.0,28.69,17.7,22.44,169.13,24,31
1983-12-01,Petrolina,17.8,33.68,23.25,28.32,215.42,27,31
1983-12-01,Recife,21.5,29.86,24.13,26.6,156.38,19,31
1983-12-01,Salgueiro,15.4,34.41,23.91,28.97,210.09,27,31
1983-12-01,Serra Talhada,2.1,34.8,23.51,29.2,220.66,31,31
1984-01-01,Caruaru,32.4,29.74,20.5,24.33,156.37,20,31
1984-01-01,Garanhuns,25.2,28.53,18.43,22.61,158.97,22,31
1984-01-01,Petrolina,9.9,34.08,23.44,28.75,218.69,28,31
1984-01-01,Recife,40.6,29.99,24.22,26.7,151.35,14,31
1984-01-01,Salgueiro,16.0,34.2,23.59,28.79,199.71,27,31
1984-01-01,Serra Talhada,13.4,34.08,23.42,28.78,205.39,28,31
1984-02-01,Caruaru,25.5,30.26,20.69,24.78,151.82,16,29
1984-02-01,Garanhuns,18.4,28.96,18.5,22.97,154.06,21,29
1984-02-01,Petrolina,3.8,35.47,23.96,29.87,238.19,28,29
1984-02-01,Recife,45.1,30.28,24.64,27.1,143.83,13,29
1984-02-01,Salgueiro,30.9,35.12,23.88,29.44,204.56,25,29
1984-02-01,Serra Talhada,19.0,35.47,23.98,29.65,211.6,25,29
1984-03-01,Caruaru,57.1,30.18,21.31,24.95,145.36,15,31
1984-03-01,Garanhuns,70.6,28.87,19.44,23.39,149.79,15,31
1984-03-01,Petrolina,133.6,31.3,23.0,26.78,153.8,11,31
1984-03-01,Recife,105.9,29.62,24.22,26.68,129.23,4,31
1984-03-01,Salgueiro,146.5,30.93,22.42,26.16,138.11,9,31
1984-03-01,Serra Talhada,151.1,30.65,22.32,26.03,142.21,9,31
1984-04-01,Caruaru,107.0,28.22,21.03,23.8,113.12,9,30
1984-04-01,Garanhuns,137.6,26.02,19.08,21.73,105.69,7,30
1984-04-01,Petrolina,98.7,28.99,22.03,24.9,116.62,15,30
1984-04-01,Recife,147.2,28.74,24.08,26.05,105.09,1,30
1984-04-01,Salgueiro,155.2,28.95,21.72,24.68,111.89,7,30
1984-04-01,Serra Talhada,164.6,28.73,21.48,24.48,112.81,10,30
1984-05-01,Caruaru,55.6,26.41,20.23,22.6,99.72,12,31
1984-05-01,Garanhuns,60.3,24.21,18.22,20.55,93.1,9,31
1984-05-01,Petrolina,6.5,29.91,21.16,25.17,144.53,29,31
1984-05-01,Recife,129.8,27.44,23.43,25.17,95.43,5,31
1984-05-01,Salgueiro,17.8,29.32,20.9,24.7,126.75,26,31
1984-05-01,Serra Talhada,17.7,29.61,20.81,24.77,130.16,26,31
1984-06-01,Caruaru,21.9,26.1,19.22,21.98,98.4,20,30
1984-06-01,Garanhuns,31.7,23.84,17.08,19.79,90.14,16,30
1984-06-01,Petrolina,3.6,29.84,20.05,24.63,149.14,28,30
1984-06-01,Recife,46.7,27.35,22.79,24.79,100.34,9,30
1984-06-01,Salgueiro,1.1,29.79,20.07,24.52,138.92,30,30
1984-06-01,Serra Talhada,0.7,30.47,20.08,24.82,147.25,30,30
1984-07-01,Caruaru,45.6,24.59,18.54,20.87,91.57,17,31
1984-07-01,Garanhuns,65.6,22.47,16.54,18.81,87.35,13,31
1984-07-01,Petrolina,2.7,29.38,19.4,24.1,161.63,31,31
1984-07-01,Recife,99.6,26.23,22.19,23.97,94.66,8,31
1984-07-01,Salgueiro,3.1,28.87,19.34,23.67,142.6,30,31
1984-07-01,Serra Talhada,3.1,29.23,19.24,23.67,145.62,30,31
1984-08-01,Caruaru,38.3,25.38,18.58,21.25,100.57,14,31
1984-08-01,Garanhuns,43.7,23.41,16.55,19.25,96.37,13,31
1984-08-01,Petrolina,0.5,30.76,19.95,25.15,185.51,31,31
1984-08-01,Recife,67.3,26.55,22.12,24.05,106.24,5,31
1984-08-01,Salgueiro,1.4,30.4,19.87,24.91,167.15,31,31
1984-08-01,Serra Talhada,2.9,30.91,19.79,25.04,170.18,30,31
1984-09-01,Caruaru,19.6,27.39,19.15,22.4,127.13,23,30
1984-09-01,Garanhuns,23.8,25.46,16.9,20.29,121.7,23,30
1984-09-01,Petrolina,2.0,32.5,20.9,26.48,194.22,30,30
1984-09-01,Recife,48.4,27.78,22.82,24.97,122.48,13,30
1984-09-01,Salgueiro,2.6,33.02,21.15,26.89,198.39,30,30
1984-09-01,Serra Talhada,2.0,33.0,20.94,26.84,195.32,29,30
1984-10-01,Caruaru,22.6,28.1,19.56,23.05,139.76,21,31
1984-10-01,Garanhuns,21.9,26.66,17.43,21.14,141.24,23,31
1984-10-01,Petrolina,3.4,33.57,21.84,27.65,230.31,30,31
1984-10-01,Recife,52.7,28.45,23.22,25.55,139.08,8,31
1984-10-01,Salgueiro,0.1,34.48,22.63,28.43,234.84,31,31
1984-10-01,Serra Talhada,4.1,34.32,21.96,28.08,226.88,30,31
1984-11-01,Caruaru,15.2,29.49,19.93,23.88,152.11,25,30
1984-11-01,Garanhuns,18.2,27.64,17.75,21.87,147.38,22,30
1984-11-01,Petrolina,13.0,33.95,22.47,28.16,221.28,27,30
1984-11-01,Recife,35.4,29.52,23.75,26.26,150.69,17,30
1984-11-01,Salgueiro,8.6,34.56,23.0,28.74,216.72,28,30
1984-11-01,Serra Talhada,1.7,34.65,22.58,28.66,217.2,29,30
1984-12-01,Caruaru,17.3,30.82,20.36,24.79,169.19,27,31
1984-12-01,Garanhuns,9.1,29.42,18.05,23.02,174.15,29,31
1984-12-01,Petrolina,8.0,35.16,24.07,29.73,238.71,29,31
1984-12-01,Recife,28.1,30.5,24.25,26.95,160.58,19,31
1984-12-01,Salgueiro,18.3,35.81,24.65,30.2,233.93,30,31
1984-12-01,Serra Talhada,19.8,35.53,23.64,29.76,227.31,29,31
1985-01-01,Caruaru,63.9,29.48,21.15,24.45,142.48,9,31
1985-01-01,Garanhuns,76.9,28.39,19.35,23.04,146.86,14,31
1985-01-01,Petrolina,264.3,28.83,21.87,24.89,117.96,5,31
1985-01-01,Recife,84.7,29.52,24.06,26.47,134.43,5,31
1985-01-01,Salgueiro,336.3,29.59,21.93,25.14,127.93,5,31
1985-01-01,Serra Talhada,212.3,29.99,22.06,25.46,135.26,7,31
1985-02-01,Caruaru,184.3,28.64,20.38,23.6,121.47,9,28
1985-02-01,Garanhuns,121.6,27.15,18.43,21.98,122.02,10,28
1985-02-01,Petrolina,115.6,29.27,21.39,24.81,127.4,10,28
1985-02-01,Recife,146.0,29.41,23.85,26.28,119.72,8,28
1985-02-01,Salgueiro,430.2,28.78,21.03,24.27,110.36,9,28
1985-02-01,Serra Talhada,581.7,28.6,21.14,24.35,114.13,8,28
1985-03-01,Caruaru,184.0,27.54,21.1,23.4,110.93,6,31
1985-03-01,Garanhuns,165.8,25.82,19.06,21.64,113.39,10,31
1985-03-01,Petrolina,226.2,29.2,22.0,25.12,128.72,12,31
1985-03-01,Recife,267.9,28.36,23.69,25.7,104.74,3,31
1985-03-01,Salgueiro,240.4,29.15,21.6,24.75,125.49,9,31
1985-03-01,Serra Talhada,239.0,28.63,21.35,24.47,121.72,7,31
1985-04-01,Caruaru,232.2,27.01,20.74,22.99,95.08,5,30
1985-04-01,Garanhuns,233.9,24.82,18.9,21.02,90.06,4,30
1985-04-01,Petrolina,131.2,28.24,21.4,24.22,107.98,13,30
1985-04-01,Recife,239.3,28.13,23.54,25.42,93.12,1,30
1985-04-01,Salgueiro,261.8,28.0,21.21,23.9,96.73,5,30
1985-04-01,Serra Talhada,325.0,27.54,21.12,23.65,95.87,7,30
1985-05-01,Caruaru,54.8,26.31,20.3,22.63,97.98,13,31
1985-05-01,Garanhuns,41.5,24.17,18.31,20.61,92.71,10,31
1985-05-01,Petrolina,13.0,28.64,21.0,24.35,120.3,26,31
1985-05-01,Recife,85.0,27.78,23.42,25.35,99.44,2,31
1985-05-01,Salgueiro,38.9,28.37,20.89,24.13,115.27,22,31
1985-05-01,Serra Talhada,31.0,28.26,20.6,24.02,114.35,24,31
1985-06-01,Caruaru,41.7,25.7,19.69,21.95,88.18,15,30
1985-06-01,Garanhuns,84.6,23.17,17.73,19.81,77.75,10,30
1985-06-01,Petrolina,43.8,27.25,19.86,23.19,105.11,24,30
1985-06-01,Recife,92.6,27.16,22.78,24.71,92.54,2,30
1985-06-01,Salgueiro,39.4,27.16,19.94,23.09,95.75,19,30
1985-06-01,Serra Talhada,49.9,27.06,19.84,22.95,95.11,21,30
1985-07-01,Caruaru,76.1,23.58,18.58,20.45,77.73,14,31
1985-07-01,Garanhuns,89.7,21.19,16.65,18.35,69.78,8,31
1985-07-01,Petrolina,3.5,27.13,19.3,22.72,127.79,31,31
1985-07-01,Recife,247.0,25.69,22.12,23.6,80.84,3,31
1985-07-01,Salgueiro,16.7,26.44,19.27,22.35,106.43,28,31
1985-07-01,Serra Talhada,15.5,26.39,19.06,22.19,103.39,26,31
1985-08-01,Caruaru,39.0,24.76,18.46,20.94,99.14,19,31
1985-08-01,Garanhuns,54.5,22.66,16.35,18.87,94.42,12,31
1985-08-01,Petrolina,2.4,29.31,19.28,23.91,159.39,31,31
1985-08-01,Recife,78.3,26.13,21.97,23.8,100.8,5,31
1985-08-01,Salgueiro,6.1,29.3,19.32,23.85,152.51,29,31
1985-08-01,Serra Talhada,4.2,29.81,19.39,24.06,156.63,30,31
1985-09-01,Caruaru,15.4,26.36,18.53,21.72,118.8,24,30
1985-09-01,Garanhuns,25.0,24.12,16.34,19.57,114.0,19,30
1985-09-01,Petrolina,0.0,31.91,20.3,26.0,200.59,30,30
1985-09-01,Recife,38.3,27.16,22.36,24.4,120.82,13,30
1985-09-01,Salgueiro,1.2,31.51,20.3,25.64,183.97,29,30
1985-09-01,Serra Talhada,0.4,31.85,19.96,25.64,186.04,30,30
1985-10-01,Caruaru,3.2,29.46,19.14,23.49,163.71,30,31
1985-10-01,Garanhuns,0.7,27.85,16.76,21.59,167.8,31,31
1985-10-01,Petrolina,2.5,33.92,22.76,28.25,223.17,30,31
1985-10-01,Recife,19.3,29.21,23.34,25.89,153.61,23,31
1985-10-01,Salgueiro,0.0,34.44,22.84,28.69,236.24,31,31
1985-10-01,Serra Talhada,0.0,34.5,21.95,28.45,230.42,31,31
1985-11-01,Caruaru,12.7,29.3,19.64,23.78,151.37,25,30
1985-11-01,Garanhuns,18.0,27.72,17.62,22.01,150.27,23,30
1985-11-01,Petrolina,22.9,33.12,22.43,27.38,196.77,22,30
1985-11-01,Recife,37.6,29.33,23.85,26.24,146.51,15,30
1985-11-01,Salgueiro,0.9,34.09,23.09,28.57,216.54,30,30
1985-11-01,Serra Talhada,0.3,34.09,22.31,28.34,212.45,30,30
1985-12-01,Caruaru,38.0,29.01,20.19,23.87,142.26,18,31
1985-12-01,Garanhuns,46.3,27.39,18.13,22.06,141.81,17,31
1985-12-01,Petrolina,189.5,28.63,21.34,24.57,125.3,15,31
1985-12-01,Recife,47.4,29.17,23.91,26.22,134.5,16,31
1985-12-01,Salgueiro,253.5,29.95,21.88,25.47,135.22,12,31
1985-12-01,Serra Talhada,140.4,31.01,22.44,26.37,153.97,16,31
1986-01-01,Caruaru,38.0,29.12,20.56,24.06,147.63,19,31
1986-01-01,Garanhuns,36.4,27.78,18.39,22.28,152.82,20,31
1986-01-01,Petrolina,31.6,30.68,21.63,25.76,170.46,23,31
1986-01-01,Recife,87.6,29.23,24.13,26.35,140.81,11,31
1986-01-01,Salgueiro,74.9,30.84,21.77,25.83,165.06,19,31
1986-01-01,Serra Talhada,54.8,31.51,21.89,26.33,170.88,22,31
1986-02-01,Caruaru,93.5,28.6,20.61,23.82,126.91,14,28
1986-02-01,Garanhuns,41.7,27.91,18.65,22.45,134.51,18,28
1986-02-01,Petrolina,111.2,30.01,21.48,25.33,139.1,13,28
1986-02-01,Recife,123.6,28.42,23.59,25.75,112.49,7,28
1986-02-01,Salgueiro,101.7,29.46,21.25,24.89,127.97,9,28
1986-02-01,Serra Talhada,121.1,29.85,21.3,25.16,132.16,13,28
1986-03-01,Caruaru,175.0,27.07,20.72,23.11,107.09,4,31
1986-03-01,Garanhuns,157.2,25.46,18.8,21.31,108.25,3,31
1986-03-01,Petrolina,98.0,29.46,21.49,24.97,140.11,15,31
1986-03-01,Recife,217.2,27.86,23.35,25.39,101.83,3,31
1986-03-01,Salgueiro,334.7,28.62,21.26,24.25,115.63,5,31
1986-03-01,Serra Talhada,313.5,28.33,21.22,24.17,120.28,7,31
1986-04-01,Caruaru,87.5,26.99,20.98,23.26,102.1,12,30
1986-04-01,Garanhuns,74.9,25.26,18.96,21.37,99.95,14,30
1986-04-01,Petrolina,38.9,30.66,22.12,25.99,142.39,23,30
1986-04-01,Recife,153.4,28.09,23.79,25.63,97.95,5,30
1986-04-01,Salgueiro,110.1,28.94,21.4,24.61,115.83,14,30
1986-04-01,Serra Talhada,244.1,28.51,21.09,24.32,111.16,15,30
1986-05-01,Caruaru,39.0,26.48,20.16,22.68,96.13,15,31
1986-05-01,Garanhuns,63.2,24.41,18.05,20.6,89.38,11,31
1986-05-01,Petrolina,1.3,31.53,21.47,26.3,170.1,31,31
1986-05-01,Recife,113.5,27.76,23.33,25.31,98.63,5,31
1986-05-01,Salgueiro,7.7,29.18,21.03,24.73,128.4,27,31
1986-05-01,Serra Talhada,10.7,28.85,20.62,24.36,122.97,27,31
1986-06-01,Caruaru,38.1,24.67,19.18,21.29,83.32,15,30
1986-06-01,Garanhuns,59.9,22.53,17.08,19.18,77.19,13,30
1986-06-01,Petrolina,2.0,29.5,20.04,24.28,150.73,30,30
1986-06-01,Recife,90.3,26.62,22.72,24.41,91.02,6,30
1986-06-01,Salgueiro,6.2,28.51,19.88,23.62,125.32,29,30
1986-06-01,Serra Talhada,6.8,28.33,19.63,23.35,121.25,29,30
1986-07-01,Caruaru,35.7,24.84,18.42,20.98,93.72,17,31
1986-07-01,Garanhuns,80.0,22.35,16.3,18.7,81.28,13,31
1986-07-01,Petrolina,1.0,28.69,19.77,23.91,142.41,31,31
1986-07-01,Recife,73.2,26.36,22.01,23.86,96.53,8,31
1986-07-01,Salgueiro,11.6,27.93,19.31,23.21,126.23,25,31
1986-07-01,Serra Talhada,5.9,28.25,19.09,23.16,127.44,29,31
1986-08-01,Caruaru,27.6,25.43,18.05,21.07,106.93,17,31
1986-08-01,Garanhuns,30.8,23.8,16.0,19.18,106.96,16,31
1986-08-01,Petrolina,1.2,31.05,20.13,25.42,182.79,31,31
1986-08-01,Recife,86.2,26.22,21.83,23.79,101.6,7,31
1986-08-01,Salgueiro,2.3,30.36,19.95,24.92,165.99,30,31
1986-08-01,Serra Talhada,0.5,30.72,19.75,24.92,167.63,31,31
1986-09-01,Caruaru,29.9,25.25,18.7,21.34,103.05,18,30
1986-09-01,Garanhuns,48.5,23.2,16.53,19.18,97.85,14,30
1986-09-01,Petrolina,0.1,31.09,20.02,25.41,194.32,30,30
1986-09-01,Recife,106.4,26.28,22.24,24.01,102.95,4,30
1986-09-01,Salgueiro,1.0,30.34,20.2,25.12,170.8,30,30
1986-09-01,Serra Talhada,5.3,30.25,19.92,24.87,164.18,27,30
1986-10-01,Caruaru,20.7,27.45,18.92,22.5,137.38,20,31
1986-10-01,Garanhuns,16.0,26.06,16.81,20.69,141.35,24,31
1986-10-01,Petrolina,19.4,32.93,21.85,27.0,208.97,28,31
1986-10-01,Recife,39.3,27.85,22.74,25.05,136.85,15,31
1986-10-01,Salgueiro,0.0,33.21,22.42,27.76,213.66,31,31
1986-10-01,Serra Talhada,0.0,33.24,21.61,27.39,210.96,31,31
1986-11-01,Caruaru,55.1,27.18,19.6,22.64,125.33,9,30
1986-11-01,Garanhuns,53.3,25.57,17.52,20.74,124.96,12,30
1986-11-01,Petrolina,23.7,33.4,22.05,27.35,214.6,28,30
1986-11-01,Recife,102.2,27.95,23.23,25.28,125.1,5,30
1986-11-01,Salgueiro,27.7,33.36,22.11,27.4,207.07,23,30
1986-11-01,Serra Talhada,22.8,33.06,21.48,26.95,199.07,23,30
1986-12-01,Caruaru,25.1,28.52,20.23,23.6,141.95,22,31
1986-12-01,Garanhuns,21.1,27.4,18.03,21.89,148.8,23,31
1986-12-01,Petrolina,38.6,33.43,22.61,27.81,207.75,23,31
1986-12-01,Recife,48.6,28.53,23.78,25.85,133.36,12,31
1986-12-01,Salgueiro,21.7,33.84,23.01,28.23,205.0,23,31
1986-12-01,Serra Talhada,20.8,33.7,22.57,28.01,202.42,26,31
1987-01-01,Caruaru,56.3,28.46,20.7,23.78,135.55,9,31
1987-01-01,Garanhuns,44.5,27.62,18.52,22.2,147.46,16,31
1987-01-01,Petrolina,30.4,33.69,23.16,28.19,207.5,24,31
1987-01-01,Recife,82.1,28.69,23.9,26.02,128.45,7,31
1987-01-01,Salgueiro,56.1,33.92,23.25,28.28,200.33,21,31
1987-01-01,Serra Talhada,30.2,33.98,23.0,28.17,200.63,25,31
1987-02-01,Caruaru,51.2,28.24,20.59,23.67,120.63,13,28
1987-02-01,Garanhuns,48.8,26.92,18.55,21.92,123.32,9,28
1987-02-01,Petrolina,11.8,34.6,23.33,28.89,211.58,26,28
1987-02-01,Recife,96.4,28.88,23.95,26.09,119.27,4,28
1987-02-01,Salgueiro,62.0,33.91,22.91,28.01,187.94,20,28
1987-02-01,Serra Talhada,77.9,33.32,22.34,27.49,177.76,20,28
1987-03-01,Caruaru,106.8,29.12,21.3,24.25,131.42,10,31
1987-03-01,Garanhuns,101.9,27.53,19.29,22.47,128.79,10,31
1987-03-01,Petrolina,182.9,30.41,22.56,25.86,134.6,9,31
1987-03-01,Recife,122.4,29.4,24.2,26.49,125.54,6,31
1987-03-01,Salgueiro,201.9,30.34,22.39,25.73,133.41,5,31
1987-03-01,Serra Talhada,222.3,30.29,22.4,25.81,136.12,7,31
1987-04-01,Caruaru,51.1,27.68,20.87,23.54,110.58,12,30
1987-04-01,Garanhuns,60.7,25.67,18.85,21.57,109.99,11,30
1987-04-01,Petrolina,68.7,30.66,21.92,25.94,148.93,23,30
1987-04-01,Recife,105.8,28.69,24.35,26.15,109.96,5,30
1987-04-01,Salgueiro,61.4,30.53,21.86,25.73,140.91,20,30
1987-04-01,Serra Talhada,56.6,30.66,21.58,25.59,139.71,21,30
1987-05-01,Caruaru,30.4,27.8,20.2,23.36,113.98,19,31
1987-05-01,Garanhuns,33.9,26.04,18.06,21.41,112.74,20,31
1987-05-01,Petrolina,15.2,30.51,21.25,25.43,146.56,26,31
1987-05-01,Recife,60.2,28.52,24.04,26.02,109.99,8,31
1987-05-01,Salgueiro,18.1,31.56,21.68,26.3,159.93,28,31
1987-05-01,Serra Talhada,11.3,32.36,21.54,26.68,166.63,29,31
1987-06-01,Caruaru,32.0,26.06,19.99,22.36,90.44,16,30
1987-06-01,Garanhuns,43.5,24.02,17.71,20.19,84.4,11,30
1987-06-01,Petrolina,1.2,29.74,21.01,24.95,138.85,30,30
1987-06-01,Recife,74.8,27.24,23.18,24.97,90.41,4,30
1987-06-01,Salgueiro,5.8,29.57,21.06,25.0,129.9,28,30
1987-06-01,Serra Talhada,8.2,29.89,20.97,25.1,130.2,27,30
1987-07-01,Caruaru,29.7,25.47,19.03,21.62,97.23,18,31
1987-07-01,Garanhuns,33.7,23.61,16.94,19.55,93.79,16,31
1987-07-01,Petrolina,1.4,30.05,20.08,24.6,159.89,30,31
1987-07-01,Recife,85.0,26.76,22.69,24.5,96.5,8,31
1987-07-01,Salgueiro,1.3,29.95,20.06,24.48,150.72,31,31
1987-07-01,Serra Talhada,0.9,30.48,20.06,24.75,155.28,31,31
1987-08-01,Caruaru,16.6,26.68,19.02,22.07,115.63,24,31
1987-08-01,Garanhuns,41.0,24.48,16.91,19.93,107.56,21,31
1987-08-01,Petrolina,0.4,31.25,20.0,25.53,189.0,31,31
1987-08-01,Recife,52.6,27.48,22.77,24.82,118.32,9,31
1987-08-01,Salgueiro,1.0,31.31,20.32,25.56,180.62,31,31
1987-08-01,Serra Talhada,0.7,31.52,20.24,25.63,179.82,31,31
1987-09-01,Caruaru,14.0,27.64,19.22,22.65,128.32,23,30
1987-09-01,Garanhuns,16.5,25.62,16.86,20.48,123.46,22,30
1987-09-01,Petrolina,0.3,33.51,21.02,27.3,220.37,30,30
1987-09-01,Recife,34.8,28.42,23.26,25.49,135.52,17,30
1987-09-01,Salgueiro,0.7,33.72,21.29,27.43,217.85,30,30
1987-09-01,Serra Talhada,0.1,33.79,20.91,27.29,214.97,30,30
1987-10-01,Caruaru,8.9,29.47,19.73,23.74,151.67,27,31
1987-10-01,Garanhuns,5.5,28.21,17.48,21.95,157.36,29,31
1987-10-01,Petrolina,1.7,35.29,22.76,29.19,250.17,30,31
1987-10-01,Recife,30.9,29.01,23.59,25.95,142.19,17,31
1987-10-01,Salgueiro,0.4,35.35,23.25,29.31,240.84,31,31
1987-10-01,Serra Talhada,0.1,35.12,22.36,28.93,231.88,31,31
1987-11-01,Caruaru,9.0,30.84,20.57,24.84,164.98,24,30
1987-11-01,Garanhuns,5.4,29.52,18.3,23.14,171.25,30,30
1987-11-01,Petrolina,13.2,34.92,24.01,29.43,222.08,24,30
1987-11-01,Recife,19.5,30.43,24.56,27.08,155.2,20,30
1987-11-01,Salgueiro,0.8,36.07,24.69,30.39,236.5,30,30
1987-11-01,Serra Talhada,0.1,35.82,23.56,29.86,228.02,30,30
1987-12-01,Caruaru,16.3,30.35,20.44,24.61,160.43,22,31
1987-12-01,Garanhuns,5.3,29.57,18.29,23.1,175.82,28,31
1987-12-01,Petrolina,9.1,34.92,24.25,29.42,223.81,28,31
1987-12-01,Recife,24.6,30.18,24.69,27.06,156.31,19,31
1987-12-01,Salgueiro,2.2,35.9,25.09,30.63,234.74,30,31
1987-12-01,Serra Talhada,1.0,35.75,23.89,30.07,228.19,31,31
1988-01-01,Caruaru,23.3,30.21,21.06,24.86,155.32,21,31
1988-01-01,Garanhuns,20.4,28.88,18.91,23.17,158.39,25,31
1988-01-01,Petrolina,55.5,32.67,23.1,27.62,190.53,27,31
1988-01-01,Recife,40.5,30.26,24.76,27.16,147.63,14,31
1988-01-01,Salgueiro,54.6,33.83,23.86,28.67,193.66,24,31
1988-01-01,Serra Talhada,44.5,34.42,24.02,29.08,206.11,26,31
1988-02-01,Caruaru,49.3,30.2,21.34,24.84,144.65,18,29
1988-02-01,Garanhuns,54.2,29.22,19.07,23.22,150.19,21,29
1988-02-01,Petrolina,33.4,34.5,24.06,29.31,206.31,23,29
1988-02-01,Recife,68.2,30.44,24.96,27.36,137.58,10,29
1988-02-01,Salgueiro,89.9,33.93,23.9,28.78,176.34,17,29
1988-02-01,Serra Talhada,47.8,34.19,23.78,28.9,182.25,20,29
1988-03-01,Caruaru,125.3,29.79,21.62,24.83,137.64,15,31
1988-03-01,Garanhuns,275.0,27.15,19.6,22.64,126.66,10,31
1988-03-01,Petrolina,189.7,30.1,22.74,25.89,131.75,11,31
1988-03-01,Recife,111.5,30.65,24.82,27.41,139.45,11,31
1988-03-01,Salgueiro,224.6,29.66,22.15,25.29,121.27,9,31
1988-03-01,Serra Talhada,209.1,29.53,22.18,25.37,123.44,9,31
1988-04-01,Caruaru,125.4,27.88,21.35,23.84,107.89,9,30
1988-04-01,Garanhuns,114.3,25.52,19.47,21.71,99.15,1,30
1988-04-01,Petrolina,92.8,30.36,22.61,26.08,134.13,16,30
1988-04-01,Recife,157.5,28.92,24.44,26.46,105.94,3,30
1988-04-01,Salgueiro,245.8,29.46,22.1,25.2,116.91,10,30
1988-04-01,Serra Talhada,335.6,29.42,22.09,25.16,119.29,12,30
1988-05-01,Caruaru,32.8,27.18,20.2,23.09,104.87,22,31
1988-05-01,Garanhuns,29.3,25.06,17.92,20.95,102.07,23,31
1988-05-01,Petrolina,2.4,31.11,21.15,25.81,157.67,30,31
1988-05-01,Recife,77.7,28.35,24.03,25.91,108.31,11,31
1988-05-01,Salgueiro,10.2,29.34,20.64,24.51,128.25,26,31
1988-05-01,Serra Talhada,17.7,29.26,20.48,24.41,127.56,27,31
1988-06-01,Caruaru,27.2,25.91,19.49,22.09,94.16,16,30
1988-06-01,Garanhuns,58.8,23.41,17.44,19.79,83.16,11,30
1988-06-01,Petrolina,5.2,29.0,20.32,24.19,135.82,30,30
1988-06-01,Recife,79.2,27.44,23.01,25.01,95.58,8,30
1988-06-01,Salgueiro,8.5,28.58,20.25,23.78,117.52,27,30
1988-06-01,Serra Talhada,7.4,28.94,20.23,23.97,122.61,26,30
1988-07-01,Caruaru,49.4,24.16,18.72,20.73,86.06,16,31
1988-07-01,Garanhuns,116.9,21.44,16.57,18.39,72.04,9,31
1988-07-01,Petrolina,1.8,27.6,19.37,22.97,137.82,31,31
1988-07-01,Recife,135.4,26.09,22.26,23.9,90.63,5,31
1988-07-01,Salgueiro,4.2,26.72,19.28,22.49,111.31,31,31
1988-07-01,Serra Talhada,7.4,26.94,19.12,22.42,113.06,30,31
1988-08-01,Caruaru,23.3,24.29,17.88,20.41,96.99,20,31
1988-08-01,Garanhuns,58.3,21.64,15.76,18.05,86.71,10,31
1988-08-01,Petrolina,0.6,28.84,18.58,23.46,173.26,31,31
1988-08-01,Recife,93.7,25.89,21.65,23.52,106.32,5,31
1988-08-01,Salgueiro,1.3,27.92,18.35,22.71,144.25,31,31
1988-08-01,Serra Talhada,1.7,28.15,18.29,22.63,142.13,31,31
1988-09-01,Caruaru,14.8,25.88,18.37,21.4,112.31,25,30
1988-09-01,Garanhuns,33.1,23.31,16.18,19.11,103.64,15,30
1988-09-01,Petrolina,1.4,31.44,19.81,25.37,199.14,30,30
1988-09-01,Recife,53.9,27.09,22.53,24.54,126.71,13,30
1988-09-01,Salgueiro,1.8,30.92,19.65,24.81,181.99,29,30
1988-09-01,Serra Talhada,1.5,31.17,19.54,24.82,182.87,30,30
1988-10-01,Caruaru,11.8,28.41,19.59,23.18,142.56,24,31
1988-10-01,Garanhuns,21.4,26.4,17.34,21.09,141.07,20,31
1988-10-01,Petrolina,8.0,33.25,21.77,27.32,213.36,29,31
1988-10-01,Recife,42.6,28.56,23.44,25.74,143.98,13,31
1988-10-01,Salgueiro,1.6,33.6,22.33,27.77,213.93,31,31
1988-10-01,Serra Talhada,1.4,33.75,21.86,27.71,213.26,31,31
1988-11-01,Caruaru,29.1,28.63,20.09,23.57,138.07,18,30
1988-11-01,Garanhuns,45.6,26.59,17.91,21.5,132.27,20,30
1988-11-01,Petrolina,40.8,33.62,22.48,27.9,214.82,27,30
1988-11-01,Recife,35.7,28.99,23.87,26.14,138.46,16,30
1988-11-01,Salgueiro,27.9,33.82,23.01,28.23,206.59,29,30
1988-11-01,Serra Talhada,32.1,33.75,22.42,28.11,201.69,28,30
1988-12-01,Caruaru,27.8,29.24,20.44,24.06,145.84,21,31
1988-12-01,Garanhuns,62.1,26.61,18.13,21.75,134.85,18,31
1988-12-01,Petrolina,153.6,28.94,21.16,24.66,134.45,20,31
1988-12-01,Recife,33.7,29.77,24.15,26.58,145.48,19,31
1988-12-01,Salgueiro,76.0,30.51,21.76,25.75,156.34,22,31
1988-12-01,Serra Talhada,72.3,30.91,21.78,25.95,161.52,25,31
1989-01-01,Caruaru,28.1,29.55,20.52,24.2,154.41,21,31
1989-01-01,Garanhuns,21.3,27.62,18.27,22.16,152.7,24,31
1989-01-01,Petrolina,31.7,32.16,22.22,26.87,191.34,26,31
1989-01-01,Recife,56.5,29.52,24.04,26.47,143.49,16,31
1989-01-01,Salgueiro,57.6,32.07,22.49,26.93,176.55,23,31
1989-01-01,Serra Talhada,48.2,32.47,22.57,27.09,179.57,23,31
1989-02-01,Caruaru,19.7,30.17,20.82,24.68,143.46,20,28
1989-02-01,Garanhuns,7.1,28.89,18.61,23.0,148.47,25,28
1989-02-01,Petrolina,44.5,32.35,22.76,27.4,163.19,22,28
1989-02-01,Recife,31.0,30.23,24.51,27.09,135.35,15,28
1989-02-01,Salgueiro,12.2,33.55,23.17,28.26,174.23,25,28
1989-02-01,Serra Talhada,8.7,34.11,23.39,28.74,180.4,26,28
1989-03-01,Caruaru,52.0,30.06,20.96,24.79,150.56,21,31
1989-03-01,Garanhuns,52.2,28.4,19.0,23.0,149.13,17,31
1989-03-01,Petrolina,109.7,30.83,22.67,26.22,151.34,17,31
1989-03-01,Recife,57.6,30.77,24.61,27.27,149.31,19,31
1989-03-01,Salgueiro,122.8,31.38,22.72,26.61,146.57,13,31
1989-03-01,Serra Talhada,96.4,32.14,23.1,27.35,161.16,19,31
1989-04-01,Caruaru,168.8,27.29,21.02,23.2,95.94,4,30
1989-04-01,Garanhuns,144.3,25.17,19.17,21.25,92.86,2,30
1989-04-01,Petrolina,40.3,30.67,22.11,25.86,141.82,20,30
1989-04-01,Recife,233.5,28.29,23.82,25.66,95.16,0,30
1989-04-01,Salgueiro,152.7,29.03,21.66,24.72,112.23,9,30
1989-04-01,Serra Talhada,112.2,28.73,21.38,24.48,109.7,8,30
1989-05-01,Caruaru,70.6,26.58,20.52,22.79,95.54,13,31
1989-05-01,Garanhuns,109.2,24.28,18.6,20.65,87.29,6,31
1989-05-01,Petrolina,19.4,29.24,21.59,24.9,125.65,25,31
1989-05-01,Recife,116.9,27.92,23.46,25.38,97.76,3,31
1989-05-01,Salgueiro,87.4,28.34,21.14,24.13,109.01,15,31
1989-05-01,Serra Talhada,69.1,28.13,20.88,23.92,106.57,16,31
1989-06-01,Caruaru,45.2,25.34,19.78,21.95,82.18,14,30
1989-06-01,Garanhuns,67.6,22.97,17.76,19.72,74.91,10,30
1989-06-01,Petrolina,5.2,29.61,20.78,24.67,132.75,29,30
1989-06-01,Recife,102.8,27.18,23.02,24.82,89.64,6,30
1989-06-01,Salgueiro,7.3,28.53,20.53,24.03,110.3,27,30
1989-06-01,Serra Talhada,8.8,29.14,20.57,24.21,115.33,26,30
1989-07-01,Caruaru,83.2,24.46,18.75,20.99,83.43,19,31
1989-07-01,Garanhuns,120.2,22.0,16.57,18.72,75.2,9,31
1989-07-01,Petrolina,3.2,28.09,19.75,23.57,129.96,31,31
1989-07-01,Recife,248.2,26.43,22.25,24.01,85.98,6,31
1989-07-01,Salgueiro,12.7,27.41,19.64,23.14,113.09,25,31
1989-07-01,Serra Talhada,19.6,27.46,19.34,22.9,108.96,26,31
1989-08-01,Caruaru,30.9,25.33,18.61,21.29,106.2,18,31
1989-08-01,Garanhuns,40.2,22.82,16.59,19.09,97.09,15,31
1989-08-01,Petrolina,3.1,29.9,19.42,24.28,171.87,30,31
1989-08-01,Recife,81.6,26.55,22.16,24.08,107.3,2,31
1989-08-01,Salgueiro,0.5,30.43,19.53,24.48,168.41,31,31
1989-08-01,Serra Talhada,0.1,30.72,19.55,24.63,170.7,31,31
1989-09-01,Caruaru,11.2,27.72,19.05,22.59,131.16,26,30
1989-09-01,Garanhuns,20.7,25.5,16.91,20.49,125.34,22,30
1989-09-01,Petrolina,1.4,33.09,21.08,26.89,203.01,30,30
1989-09-01,Recife,36.4,27.87,22.78,25.03,125.63,13,30
1989-09-01,Salgueiro,1.6,33.22,21.1,26.9,203.22,29,30
1989-09-01,Serra Talhada,1.4,33.47,20.86,27.01,203.6,29,30
1989-10-01,Caruaru,25.9,28.37,19.69,23.27,146.44,20,31
1989-10-01,Garanhuns,29.7,26.76,17.43,21.26,147.35,22,31
1989-10-01,Petrolina,2.7,34.22,22.11,28.07,235.31,30,31
1989-10-01,Recife,34.5,28.88,23.63,25.93,145.37,14,31
1989-10-01,Salgueiro,6.7,34.36,22.29,28.15,228.88,29,31
1989-10-01,Serra Talhada,8.3,34.5,21.94,28.12,226.94,29,31
1989-11-01,Caruaru,18.9,29.37,20.52,24.21,143.82,20,30
1989-11-01,Garanhuns,25.9,27.62,18.24,22.28,144.27,24,30
1989-11-01,Petrolina,20.9,34.1,23.16,28.35,200.72,25,30
1989-11-01,Recife,42.9,29.5,24.19,26.45,139.79,12,30
1989-11-01,Salgueiro,18.9,34.79,23.63,29.02,212.64,26,30
1989-11-01,Serra Talhada,13.4,34.76,23.05,28.67,207.47,25,30
1989-12-01,Caruaru,42.6,28.47,21.05,23.92,123.27,15,31
1989-12-01,Garanhuns,49.7,26.64,18.94,21.93,115.46,13,31
1989-12-01,Petrolina,294.0,27.85,21.65,24.22,95.54,8,31
1989-12-01,Recife,69.2,29.21,24.5,26.45,125.86,12,31
1989-12-01,Salgueiro,225.8,30.19,22.53,25.81,128.11,14,31
1989-12-01,Serra Talhada,296.8,30.41,22.49,26.03,135.56,14,31
1990-01-01,Caruaru,23.0,28.9,20.47,23.9,150.07,23,31
1990-01-01,Garanhuns,30.2,27.02,18.18,21.72,144.18,17,31
1990-01-01,Petrolina,6.3,30.88,21.23,25.75,182.82,29,31
1990-01-01,Recife,33.9,29.57,24.35,26.6,151.83,16,31
1990-01-01,Salgueiro,3.9,32.0,22.0,26.82,193.22,30,31
1990-01-01,Serra Talhada,3.5,32.44,21.82,27.0,193.59,30,31
1990-02-01,Caruaru,47.0,29.69,20.73,24.25,134.24,15,28
1990-02-01,Garanhuns,39.7,27.98,18.71,22.48,132.69,17,28
1990-02-01,Petrolina,42.3,31.6,22.17,26.64,160.56,17,28
1990-02-01,Recife,48.7,30.14,24.57,26.96,131.99,12,28
1990-02-01,Salgueiro,67.8,31.77,22.27,26.66,155.25,19,28
1990-02-01,Serra Talhada,72.4,31.35,22.04,26.37,152.67,17,28
1990-03-01,Caruaru,15.9,30.01,21.08,24.71,155.06,24,31
1990-03-01,Garanhuns,18.9,28.9,18.74,22.89,159.92,23,31
1990-03-01,Petrolina,6.2,33.17,22.87,27.88,201.42,29,31
1990-03-01,Recife,40.2,30.24,24.91,27.19,148.94,16,31
1990-03-01,Salgueiro,27.6,33.22,23.01,27.94,193.99,26,31
1990-03-01,Serra Talhada,19.7,33.66,22.91,28.19,197.91,27,31
1990-04-01,Caruaru,46.1,28.65,21.35,24.19,119.36,10,30
1990-04-01,Garanhuns,42.5,26.86,19.29,22.15,113.12,13,30
1990-04-01,Petrolina,21.2,32.16,22.68,27.24,170.76,25,30
1990-04-01,Recife,97.9,29.05,24.36,26.41,113.88,3,30
1990-04-01,Salgueiro,55.1,31.54,22.81,26.75,143.09,23,30
1990-04-01,Serra Talhada,40.3,32.09,23.09,27.24,155.34,22,30
1990-05-01,Caruaru,18.2,28.42,20.42,23.65,121.54,24,31
1990-05-01,Garanhuns,19.2,26.43,18.2,21.55,114.22,23,31
1990-05-01,Petrolina,1.2,32.17,22.35,27.1,173.01,31,31
1990-05-01,Recife,63.0,28.72,23.89,26.02,115.43,14,31
1990-05-01,Salgueiro,13.7,32.01,21.93,26.74,162.44,28,31
1990-05-01,Serra Talhada,8.0,32.3,21.9,26.88,165.3,28,31
1990-06-01,Caruaru,30.2,26.11,19.47,22.06,93.29,21,30
1990-06-01,Garanhuns,34.9,24.16,17.34,20.04,88.9,17,30
1990-06-01,Petrolina,1.6,29.99,20.53,24.94,150.31,29,30
1990-06-01,Recife,123.4,27.0,23.01,24.76,91.47,4,30
1990-06-01,Salgueiro,4.0,30.34,20.66,25.14,145.96,29,30
1990-06-01,Serra Talhada,3.0,30.55,20.59,25.16,146.47,29,30
1990-07-01,Caruaru,39.6,25.43,19.34,21.65,91.82,13,31
1990-07-01,Garanhuns,53.7,23.31,17.08,19.48,85.04,8,31
1990-07-01,Petrolina,2.7,29.47,20.39,24.65,146.08,31,31
1990-07-01,Recife,93.8,26.56,22.45,24.2,91.37,2,31
1990-07-01,Salgueiro,7.6,29.77,20.39,24.71,141.09,29,31
1990-07-01,Serra Talhada,12.3,29.7,20.31,24.59,137.78,28,31
1990-08-01,Caruaru,25.4,25.47,18.75,21.38,104.51,20,31
1990-08-01,Garanhuns,31.2,23.37,16.61,19.27,97.41,21,31
1990-08-01,Petrolina,0.9,30.27,19.67,24.68,174.73,31,31
1990-08-01,Recife,66.7,26.55,22.31,24.15,106.39,5,31
1990-08-01,Salgueiro,0.7,30.83,19.74,24.94,177.79,31,31
1990-08-01,Serra Talhada,1.6,30.82,19.56,24.8,173.05,30,31
1990-09-01,Caruaru,23.8,26.98,18.75,22.17,120.79,20,30
1990-09-01,Garanhuns,39.5,25.06,16.58,20.07,115.23,16,30
1990-09-01,Petrolina,0.0,32.2,20.68,26.34,204.7,30,30
1990-09-01,Recife,59.0,27.68,22.82,24.94,121.83,12,30
1990-09-01,Salgueiro,1.8,32.67,20.95,26.6,199.23,29,30
1990-09-01,Serra Talhada,2.2,32.68,20.74,26.55,199.37,29,30
1990-10-01,Caruaru,21.7,28.29,19.66,23.15,142.77,21,31
1990-10-01,Garanhuns,24.8,26.54,17.42,21.16,141.18,20,31
1990-10-01,Petrolina,1.9,33.35,22.14,27.59,217.19,31,31
1990-10-01,Recife,43.9,28.27,23.34,25.49,138.11,14,31
1990-10-01,Salgueiro,0.7,34.46,22.67,28.35,228.91,31,31
1990-10-01,Serra Talhada,1.2,34.45,21.98,28.16,225.32,31,31
1990-11-01,Caruaru,10.0,29.94,20.37,24.24,152.92,27,30
1990-11-01,Garanhuns,13.0,28.38,18.16,22.38,157.09,25,30
1990-11-01,Petrolina,20.8,34.18,22.81,28.33,217.53,27,30
1990-11-01,Recife,27.0,29.64,24.1,26.48,147.69,19,30
1990-11-01,Salgueiro,0.6,35.31,23.77,29.54,225.1,30,30
1990-11-01,Serra Talhada,0.5,35.27,22.85,29.17,221.83,30,30
1990-12-01,Caruaru,12.5,30.55,20.37,24.6,163.61,25,31
1990-12-01,Garanhuns,6.1,29.17,18.12,22.9,170.49,30,31
1990-12-01,Petrolina,35.4,34.09,22.89,28.32,220.59,27,31
1990-12-01,Recife,24.6,30.15,24.44,26.87,157.49,20,31
1990-12-01,Salgueiro,4.3,35.36,24.4,29.77,229.73,29,31
1990-12-01,Serra Talhada,0.9,35.37,23.83,29.66,228.31,31,31
1991-01-01,Caruaru,20.5,30.5,20.98,24.84,158.26,22,31
1991-01-01,Garanhuns,13.7,29.13,18.86,23.11,160.63,27,31
1991-01-01,Petrolina,35.0,32.68,23.23,27.7,180.78,22,31
1991-01-01,Recife,47.9,29.92,24.49,26.82,148.49,11,31
1991-01-01,Salgueiro,129.1,32.22,23.18,27.36,160.53,19,31
1991-01-01,Serra Talhada,78.8,32.53,23.11,27.73,168.65,20,31
1991-02-01,Caruaru,37.3,30.04,21.19,24.78,136.35,18,28
1991-02-01,Garanhuns,28.5,28.71,19.15,23.07,138.38,19,28
1991-02-01,Petrolina,73.5,32.48,22.76,27.26,167.37,17,28
1991-02-01,Recife,50.0,30.37,24.68,27.15,135.52,14,28
1991-02-01,Salgueiro,91.9,31.48,22.41,26.52,146.5,18,28
1991-02-01,Serra Talhada,174.5,31.35,22.29,26.46,143.61,18,28
1991-03-01,Caruaru,76.8,29.26,21.26,24.44,136.29,13,31
1991-03-01,Garanhuns,115.0,27.22,19.1,22.35,129.67,12,31
1991-03-01,Petrolina,120.8,31.28,22.79,26.77,166.88,21,31
1991-03-01,Recife,71.0,29.95,24.75,27.0,135.64,14,31
1991-03-01,Salgueiro,129.4,30.84,22.85,26.5,148.49,18,31
1991-03-01,Serra Talhada,121.5,30.93,22.63,26.41,149.56,17,31
1991-04-01,Caruaru,29.2,28.86,20.69,24.08,129.04,19,30
1991-04-01,Garanhuns,33.3,26.86,18.43,21.9,125.13,19,30
1991-04-01,Petrolina,24.6,31.68,22.37,26.67,164.72,25,30
1991-04-01,Recife,76.0,29.35,24.21,26.44,120.4,9,30
1991-04-01,Salgueiro,23.8,31.4,22.15,26.44,153.3,23,30
1991-04-01,Serra Talhada,34.2,31.6,22.13,26.53,155.4,24,30
1991-05-01,Caruaru,79.1,26.41,20.64,22.78,91.01,10,31
1991-05-01,Garanhuns,102.2,24.11,18.57,20.58,82.1,6,31
1991-05-01,Petrolina,4.2,30.27,22.08,25.9,151.0,30,31
1991-05-01,Recife,129.0,27.81,23.69,25.45,96.96,2,31
1991-05-01,Salgueiro,47.9,29.53,21.6,25.06,122.87,22,31
1991-05-01,Serra Talhada,59.4,29.02,21.22,24.55,118.08,22,31
1991-06-01,Caruaru,24.9,25.59,19.48,21.88,90.02,20,30
1991-06-01,Garanhuns,44.8,23.06,17.47,19.66,78.72,14,30
1991-06-01,Petrolina,2.5,29.28,20.29,24.36,137.56,29,30
1991-06-01,Recife,57.2,27.16,23.14,24.89,96.19,6,30
1991-06-01,Salgueiro,3.6,29.15,20.38,24.29,123.06,29,30
1991-06-01,Serra Talhada,3.9,29.54,20.28,24.32,127.48,29,30
1991-07-01,Caruaru,25.9,24.35,18.32,20.63,90.42,24,31
1991-07-01,Garanhuns,39.9,21.9,16.15,18.39,81.68,16,31
1991-07-01,Petrolina,0.6,28.82,18.85,23.41,157.13,31,31
1991-07-01,Recife,98.5,26.14,22.16,23.86,99.77,6,31
1991-07-01,Salgueiro,1.6,28.55,18.93,23.33,147.3,31,31
1991-07-01,Serra Talhada,2.0,28.74,19.0,23.29,146.26,30,31
1991-08-01,Caruaru,30.7,24.33,17.74,20.39,99.8,19,31
1991-08-01,Garanhuns,81.6,21.72,15.62,18.06,86.68,11,31
1991-08-01,Petrolina,2.7,28.01,18.85,23.09,150.09,31,31
1991-08-01,Recife,64.7,26.05,21.86,23.66,111.76,11,31
1991-08-01,Salgueiro,5.8,28.08,18.78,22.88,142.43,29,31
1991-08-01,Serra Talhada,9.6,28.42,18.54,22.8,143.5,27,31
1991-09-01,Caruaru,17.8,26.69,18.53,21.75,120.63,23,30
1991-09-01,Garanhuns,29.8,23.95,16.18,19.36,108.26,19,30
1991-09-01,Petrolina,0.9,31.2,19.91,25.31,188.24,30,30
1991-09-01,Recife,44.3,27.17,22.4,24.46,120.7,13,30
1991-09-01,Salgueiro,0.7,31.5,20.07,25.4,183.35,30,30
1991-09-01,Serra Talhada,0.6,31.67,19.96,25.46,181.52,30,30
1991-10-01,Caruaru,22.0,26.96,18.81,22.06,128.51,20,31
1991-10-01,Garanhuns,27.3,25.21,16.49,20.01,128.33,23,31
1991-10-01,Petrolina,0.0,33.21,20.45,26.72,241.96,31,31
1991-10-01,Recife,49.0,27.63,22.57,24.74,133.68,9,31
1991-10-01,Salgueiro,0.0,33.29,20.93,26.81,227.23,31,31
1991-10-01,Serra Talhada,0.0,33.18,20.6,26.65,219.12,31,31
1991-11-01,Caruaru,15.0,29.33,19.58,23.62,147.74,25,30
1991-11-01,Garanhuns,18.4,27.7,17.5,21.85,148.87,24,30
1991-11-01,Petrolina,78.9,31.82,22.35,26.78,166.58,23,30
1991-11-01,Recife,26.3,29.19,23.49,25.95,142.62,19,30
1991-11-01,Salgueiro,2.2,34.67,23.38,28.92,216.71,29,30
1991-11-01,Serra Talhada,2.4,34.32,22.54,28.56,209.8,29,30
1991-12-01,Caruaru,6.7,30.73,20.16,24.62,170.61,29,31
1991-12-01,Garanhuns,6.0,29.31,18.02,22.91,174.38,29,31
1991-12-01,Petrolina,32.1,33.24,23.11,27.91,196.61,24,31
1991-12-01,Recife,16.1,30.33,24.16,26.81,159.87,25,31
1991-12-01,Salgueiro,1.8,35.25,24.4,29.84,227.96,31,31
1991-12-01,Serra Talhada,0.6,35.09,23.53,29.52,225.53,31,31
1992-01-01,Caruaru,40.6,29.52,20.75,24.33,139.63,20,31
1992-01-01,Garanhuns,65.9,27.84,18.61,22.51,141.1,18,31
1992-01-01,Petrolina,314.7,30.17,22.58,26.01,139.35,15,31
1992-01-01,Recife,67.2,29.72,24.45,26.73,136.06,14,31
1992-01-01,Salgueiro,255.1,32.92,23.74,28.24,181.88,23,31
1992-01-01,Serra Talhada,214.1,32.69,23.18,27.92,178.13,21,31
1992-02-01,Caruaru,84.4,27.37,20.84,23.19,111.0,8,29
1992-02-01,Garanhuns,95.5,25.0,18.78,21.0,102.82,8,29
1992-02-01,Petrolina,59.7,28.29,21.25,24.21,120.83,17,29
1992-02-01,Recife,135.5,28.16,23.89,25.76,103.68,3,29
1992-02-01,Salgueiro,86.9,28.93,21.31,24.57,125.63,14,29
1992-02-01,Serra Talhada,78.8,28.84,20.97,24.28,123.16,13,29
1992-03-01,Caruaru,74.8,27.38,20.87,23.31,119.57,9,31
1992-03-01,Garanhuns,74.1,25.25,18.83,21.2,112.05,6,31
1992-03-01,Petrolina,16.6,31.32,21.77,25.92,175.64,24,31
1992-03-01,Recife,139.5,28.23,23.98,25.8,114.86,2,31
1992-03-01,Salgueiro,48.7,30.66,21.61,25.47,155.97,16,31
1992-03-01,Serra Talhada,48.7,30.64,21.23,25.22,152.59,16,31
1992-04-01,Caruaru,77.5,27.96,20.62,23.5,116.51,17,30
1992-04-01,Garanhuns,78.8,25.74,18.64,21.43,110.4,15,30
1992-04-01,Petrolina,66.2,30.97,21.93,26.1,148.61,24,30
1992-04-01,Recife,88.1,28.67,24.1,26.1,111.27,8,30
1992-04-01,Salgueiro,94.8,30.6,21.65,25.79,143.54,24,30
1992-04-01,Serra Talhada,147.1,30.24,21.16,25.42,137.3,24,30
1992-05-01,Caruaru,27.9,27.21,19.82,22.85,111.91,19,31
1992-05-01,Garanhuns,25.0,25.35,17.62,20.82,109.33,22,31
1992-05-01,Petrolina,2.1,31.71,21.23,26.26,174.21,30,31
1992-05-01,Recife,41.6,28.31,23.68,25.74,112.18,15,31
1992-05-01,Salgueiro,2.2,31.86,21.53,26.42,171.31,30,31
1992-05-01,Serra Talhada,3.2,31.91,21.26,26.32,167.64,30,31
1992-06-01,Caruaru,35.9,25.37,19.26,21.58,87.71,15,30
1992-06-01,Garanhuns,58.2,23.17,17.15,19.48,80.54,10,30
1992-06-01,Petrolina,2.6,29.15,20.47,24.34,137.36,29,30
1992-06-01,Recife,96.1,26.74,22.69,24.43,88.45,6,30
1992-06-01,Salgueiro,5.1,29.4,20.51,24.48,132.61,28,30
1992-06-01,Serra Talhada,4.1,29.41,20.36,24.38,130.4,29,30
1992-07-01,Caruaru,32.2,24.31,18.12,20.64,92.04,17,31
1992-07-01,Garanhuns,45.2,22.03,16.06,18.52,82.65,10,31
1992-07-01,Petrolina,1.5,28.28,19.39,23.3,140.14,31,31
1992-07-01,Recife,66.6,26.2,21.98,23.78,100.47,6,31
1992-07-01,Salgueiro,2.1,28.68,19.25,23.44,140.44,31,31
1992-07-01,Serra Talhada,1.4,28.68,19.1,23.35,136.58,31,31
1992-08-01,Caruaru,21.1,25.05,18.15,20.88,103.68,21,31
1992-08-01,Garanhuns,33.7,22.88,15.99,18.71,97.81,18,31
1992-08-01,Petrolina,0.6,30.05,19.13,24.15,177.47,31,31
1992-08-01,Recife,66.7,26.31,21.9,23.8,107.8,7,31
1992-08-01,Salgueiro,0.2,30.02,19.07,24.1,167.88,31,31
1992-08-01,Serra Talhada,0.6,30.17,19.0,24.05,167.73,31,31
1992-09-01,Caruaru,31.2,26.0,18.73,21.58,113.09,16,30
1992-09-01,Garanhuns,43.3,23.98,16.64,19.5,109.48,17,30
1992-09-01,Petrolina,0.3,31.1,20.19,25.46,184.68,30,30
1992-09-01,Recife,75.2,26.74,22.17,24.17,113.82,9,30
1992-09-01,Salgueiro,1.4,31.45,20.44,25.55,178.69,30,30
1992-09-01,Serra Talhada,0.5,31.54,20.29,25.59,176.86,30,30
1992-10-01,Caruaru,7.7,28.42,18.7,22.73,152.86,28,31
1992-10-01,Garanhuns,6.2,26.81,16.48,20.77,155.0,28,31
1992-10-01,Petrolina,1.8,34.05,21.44,27.71,241.11,30,31
1992-10-01,Recife,18.3,28.68,23.21,25.48,154.07,23,31
1992-10-01,Salgueiro,0.0,34.45,21.83,28.05,237.76,31,31
1992-10-01,Serra Talhada,0.0,34.17,21.05,27.65,229.41,31,31
1992-11-01,Caruaru,13.3,28.67,19.64,23.32,142.7,24,30
1992-11-01,Garanhuns,19.4,27.08,17.47,21.48,142.42,21,30
1992-11-01,Petrolina,70.7,32.87,22.47,27.37,196.99,23,30
1992-11-01,Recife,33.3,28.89,23.55,25.82,140.33,15,30
1992-11-01,Salgueiro,7.1,34.43,23.32,28.65,212.74,28,30
1992-11-01,Serra Talhada,4.5,34.18,22.4,28.25,206.88,29,30
1992-12-01,Caruaru,11.4,29.53,20.02,23.93,155.44,24,31
1992-12-01,Garanhuns,11.5,27.87,17.78,21.99,152.17,26,31
1992-12-01,Petrolina,73.2,31.04,21.65,25.97,172.22,24,31
1992-12-01,Recife,21.0,29.95,24.24,26.6,158.02,23,31
1992-12-01,Salgueiro,14.3,34.48,23.35,28.68,221.71,29,31
1992-12-01,Serra Talhada,7.1,34.32,22.63,28.57,215.5,30,31
1993-01-01,Caruaru,24.6,29.64,20.3,24.14,158.52,19,31
1993-01-01,Garanhuns,21.1,28.22,18.01,22.28,159.29,22,31
1993-01-01,Petrolina,41.1,32.55,22.09,27.04,201.17,25,31
1993-01-01,Recife,31.4,29.84,24.32,26.64,154.61,19,31
1993-01-01,Salgueiro,53.6,33.32,22.67,27.64,199.64,24,31
1993-01-01,Serra Talhada,21.4,33.51,22.48,27.8,199.9,27,31
1993-02-01,Caruaru,10.7,30.01,20.41,24.4,145.26,24,28
1993-02-01,Garanhuns,21.6,28.0,17.97,22.16,141.48,23,28
1993-02-01,Petrolina,13.7,33.83,22.99,28.3,200.9,25,28
1993-02-01,Recife,19.6,30.44,24.77,27.2,147.73,19,28
1993-02-01,Salgueiro,19.3,34.26,23.61,28.67,188.36,22,28
1993-02-01,Serra Talhada,8.8,34.7,23.65,29.02,198.6,24,28
1993-03-01,Caruaru,18.9,29.82,20.48,24.32,158.93,26,31
1993-03-01,Garanhuns,8.6,28.13,18.1,22.29,155.96,26,31
1993-03-01,Petrolina,4.3,34.55,23.07,28.93,238.16,30,31
1993-03-01,Recife,33.4,30.54,24.71,27.19,160.58,17,31
1993-03-01,Salgueiro,12.7,34.35,23.65,28.71,216.48,28,31
1993-03-01,Serra Talhada,13.3,34.11,23.25,28.66,212.97,29,31
1993-04-01,Caruaru,13.3,29.46,20.65,24.21,138.16,25,30
1993-04-01,Garanhuns,13.9,27.93,18.28,22.26,136.93,23,30
1993-04-01,Petrolina,4.8,33.67,23.44,28.38,197.02,29,30
1993-04-01,Recife,35.8,29.94,24.65,26.89,136.11,17,30
1993-04-01,Salgueiro,13.9,33.96,23.08,28.33,194.96,26,30
1993-04-01,Serra Talhada,4.7,34.08,23.07,28.43,194.02,29,30
1993-05-01,Caruaru,22.6,27.54,20.34,23.21,108.42,20,31
1993-05-01,Garanhuns,69.1,25.1,18.09,20.88,98.18,15,31
1993-05-01,Petrolina,9.8,31.67,21.93,26.5,173.26,29,31
1993-05-01,Recife,61.3,28.51,24.02,25.93,111.07,12,31
1993-05-01,Salgueiro,19.7,31.39,21.63,26.21,161.09,27,31
1993-05-01,Serra Talhada,79.8,30.58,21.2,25.57,146.53,26,31
1993-06-01,Caruaru,15.7,25.88,18.95,21.78,94.98,24,30
1993-06-01,Garanhuns,27.2,23.37,16.79,19.52,87.39,20,30
1993-06-01,Petrolina,0.7,29.91,20.49,24.9,153.12,30,30
1993-06-01,Recife,67.0,27.23,23.04,24.87,99.88,6,30
1993-06-01,Salgueiro,2.1,30.32,20.19,24.68,149.21,30,30
1993-06-01,Serra Talhada,3.7,29.36,19.64,23.94,135.66,29,30
1993-07-01,Caruaru,21.6,25.52,18.45,21.26,101.59,22,31
1993-07-01,Garanhuns,44.0,23.22,16.22,19.03,93.89,16,31
1993-07-01,Petrolina,1.1,30.03,19.38,24.45,172.75,31,31
1993-07-01,Recife,76.8,26.54,22.36,24.15,100.17,8,31
1993-07-01,Salgueiro,6.0,29.92,19.23,24.12,159.56,30,31
1993-07-01,Serra Talhada,3.1,29.74,19.17,23.99,155.3,30,31
1993-08-01,Caruaru,13.3,26.18,18.47,21.53,111.91,24,31
1993-08-01,Garanhuns,29.5,23.75,16.41,19.28,102.36,18,31
1993-08-01,Petrolina,1.7,30.37,19.5,24.6,175.5,30,31
1993-08-01,Recife,31.6,27.36,22.33,24.49,120.41,19,31
1993-08-01,Salgueiro,3.1,30.74,19.73,24.79,169.23,30,31
1993-08-01,Serra Talhada,2.7,30.95,19.74,24.82,173.96,30,31
1993-09-01,Caruaru,9.8,28.34,19.23,22.95,137.71,26,30
1993-09-01,Garanhuns,12.9,26.42,16.92,20.83,132.3,26,30
1993-09-01,Petrolina,0.2,33.33,21.0,27.06,210.78,30,30
1993-09-01,Recife,28.3,28.7,23.23,25.55,137.43,18,30
1993-09-01,Salgueiro,0.5,33.86,21.75,27.5,206.38,30,30
1993-09-01,Serra Talhada,2.2,33.61,21.46,27.42,202.79,29,30
1993-10-01,Caruaru,43.3,28.26,19.85,23.26,139.32,21,31
1993-10-01,Garanhuns,58.3,26.04,17.66,21.21,132.59,18,31
1993-10-01,Petrolina,14.9,33.21,21.84,27.32,219.04,27,31
1993-10-01,Recife,36.0,29.37,23.96,26.23,150.57,17,31
1993-10-01,Salgueiro,18.4,33.71,22.06,27.5,213.55,29,31
1993-10-01,Serra Talhada,31.5,33.27,21.5,27.09,206.55,29,31
1993-11-01,Caruaru,20.1,28.79,20.17,23.71,140.93,23,30
1993-11-01,Garanhuns,26.9,26.85,18.02,21.69,136.22,21,30
1993-11-01,Petrolina,13.3,34.07,22.79,28.23,215.09,26,30
1993-11-01,Recife,32.3,29.39,24.1,26.37,142.26,14,30
1993-11-01,Salgueiro,23.1,34.01,22.72,28.03,200.44,25,30
1993-11-01,Serra Talhada,11.6,34.19,22.68,28.19,203.35,27,30
1993-12-01,Caruaru,8.6,30.42,20.54,24.66,165.92,29,31
1993-12-01,Garanhuns,11.2,28.75,18.21,22.69,164.62,28,31
1993-12-01,Petrolina,2.9,34.59,23.84,29.23,226.77,30,31
1993-12-01,Recife,22.0,30.26,24.69,27.06,158.57,19,31
1993-12-01,Salgueiro,6.5,35.85,24.32,29.99,235.44,29,31
1993-12-01,Serra Talhada,3.1,35.54,23.49,29.55,231.74,30,31
1994-01-01,Caruaru,36.4,29.92,21.0,24.58,150.4,20,31
1994-01-01,Garanhuns,44.0,28.49,18.89,22.81,152.46,20,31
1994-01-01,Petrolina,116.3,31.61,22.94,26.93,169.12,20,31
1994-01-01,Recife,30.0,30.37,24.56,27.1,150.33,19,31
1994-01-01,Salgueiro,200.7,30.59,22.51,26.07,144.87,15,31
1994-01-01,Serra Talhada,135.8,31.14,22.59,26.49,152.62,17,31
1994-02-01,Caruaru,37.1,29.44,21.01,24.43,133.47,18,28
1994-02-01,Garanhuns,30.8,28.11,18.79,22.65,135.69,17,28
1994-02-01,Petrolina,39.4,33.4,23.86,28.34,175.07,21,28
1994-02-01,Recife,35.2,30.64,24.74,27.31,140.51,14,28
1994-02-01,Salgueiro,80.3,30.52,22.18,25.92,126.96,18,28
1994-02-01,Serra Talhada,80.4,31.45,22.4,26.52,135.83,14,28
1994-03-01,Caruaru,72.5,29.54,21.3,24.65,140.88,14,31
1994-03-01,Garanhuns,63.1,28.43,19.54,23.15,143.06,17,31
1994-03-01,Petrolina,160.9,29.84,22.16,25.5,138.37,11,31
1994-03-01,Recife,91.3,30.26,24.5,27.07,137.62,11,31
1994-03-01,Salgueiro,114.5,29.85,21.84,25.37,138.67,12,31
1994-03-01,Serra Talhada,100.1,29.85,21.86,25.47,138.16,14,31
1994-04-01,Caruaru,48.3,28.23,20.81,23.72,123.64,17,30
1994-04-01,Garanhuns,36.0,26.79,18.66,21.95,122.32,16,30
1994-04-01,Petrolina,32.1,31.3,22.25,26.21,158.71,22,30
1994-04-01,Recife,85.1,28.91,24.23,26.26,117.32,7,30
1994-04-01,Salgueiro,88.4,30.35,21.69,25.55,139.04,17,30
1994-04-01,Serra Talhada,65.8,30.87,21.53,25.68,143.21,19,30
1994-05-01,Caruaru,65.3,26.52,20.4,22.75,98.65,10,31
1994-05-01,Garanhuns,54.7,24.7,18.32,20.77,93.45,11,31
1994-05-01,Petrolina,7.5,31.4,21.8,26.22,169.62,29,31
1994-05-01,Recife,127.7,27.81,23.63,25.42,97.7,4,31
1994-05-01,Salgueiro,34.0,30.12,21.52,25.3,136.45,22,31
1994-05-01,Serra Talhada,44.4,29.83,21.25,25.04,131.56,22,31
1994-06-01,Caruaru,69.5,25.61,19.95,22.0,84.14,13,30
1994-06-01,Garanhuns,70.4,23.57,17.97,20.04,79.07,8,30
1994-06-01,Petrolina,3.4,29.79,21.38,25.19,136.84,30,30
1994-06-01,Recife,145.8,27.01,23.01,24.7,82.3,2,30
1994-06-01,Salgueiro,31.8,28.82,20.91,24.28,108.87,20,30
1994-06-01,Serra Talhada,41.3,28.37,20.52,23.85,101.61,21,30
1994-07-01,Caruaru,32.6,24.61,18.7,21.01,91.52,18,31
1994-07-01,Garanhuns,55.9,22.53,16.71,18.95,83.96,9,31
1994-07-01,Petrolina,3.8,28.5,19.7,23.65,139.68,31,31
1994-07-01,Recife,81.5,26.43,22.55,24.28,95.51,6,31
1994-07-01,Salgueiro,4.9,28.85,19.72,23.71,139.29,30,31
1994-07-01,Serra Talhada,4.8,28.95,19.57,23.66,139.3,30,31
1994-08-01,Caruaru,19.9,25.23,18.1,20.98,106.36,24,31
1994-08-01,Garanhuns,38.5,22.94,15.91,18.82,98.2,15,31
1994-08-01,Petrolina,0.7,30.17,18.86,24.19,183.44,31,31
1994-08-01,Recife,57.5,26.45,22.07,23.98,112.64,12,31
1994-08-01,Salgueiro,0.5,29.86,19.12,23.92,163.35,31,31
1994-08-01,Serra Talhada,1.2,30.01,19.07,23.87,166.28,31,31
1994-09-01,Caruaru,24.7,25.98,18.71,21.54,112.89,19,30
1994-09-01,Garanhuns,39.3,23.99,16.56,19.44,107.39,16,30
1994-09-01,Petrolina,1.8,31.59,20.12,25.49,198.08,30,30
1994-09-01,Recife,46.6,27.18,22.56,24.57,124.12,13,30
1994-09-01,Salgueiro,1.5,31.32,19.91,25.16,185.67,30,30
1994-09-01,Serra Talhada,1.8,31.55,19.88,25.18,188.25,30,30
1994-10-01,Caruaru,12.9,27.81,19.52,22.82,137.36,25,31
1994-10-01,Garanhuns,15.6,26.36,17.31,20.95,138.85,24,31
1994-10-01,Petrolina,0.1,33.97,21.56,27.61,240.43,31,31
1994-10-01,Recife,47.2,28.22,23.16,25.38,140.58,10,31
1994-10-01,Salgueiro,0.0,34.0,21.75,27.6,228.1,31,31
1994-10-01,Serra Talhada,0.0,33.96,21.45,27.45,225.2,31,31
1994-11-01,Caruaru,6.4,29.29,19.77,23.67,154.22,28,30
1994-11-01,Garanhuns,7.2,27.69,17.43,21.7,151.82,28,30
1994-11-01,Petrolina,3.8,34.64,22.65,28.61,238.34,29,30
1994-11-01,Recife,21.4,29.48,23.84,26.28,152.33,20,30
1994-11-01,Salgueiro,0.1,35.08,23.28,29.01,232.81,30,30
1994-11-01,Serra Talhada,1.0,34.72,22.28,28.51,223.88,29,30
1994-12-01,Caruaru,22.1,29.42,20.45,24.11,149.92,19,31
1994-12-01,Garanhuns,21.0,28.01,18.19,22.31,152.07,19,31
1994-12-01,Petrolina,28.5,34.02,22.95,28.36,221.74,25,31
1994-12-01,Recife,48.8,29.39,24.22,26.45,143.18,15,31
1994-12-01,Salgueiro,15.6,34.86,23.49,28.86,222.43,26,31
1994-12-01,Serra Talhada,15.4,34.63,23.02,28.65,216.51,26,31
1995-01-01,Caruaru,15.4,30.13,20.75,24.61,159.59,28,31
1995-01-01,Garanhuns,27.1,28.9,18.45,22.77,163.53,24,31
1995-01-01,Petrolina,62.5,32.57,22.65,27.46,190.57,22,31
1995-01-01,Recife,24.4,30.13,24.59,26.92,153.03,19,31
1995-01-01,Salgueiro,47.3,33.66,23.52,28.19,190.26,25,31
1995-01-01,Serra Talhada,41.8,33.85,23.35,28.33,194.7,24,31
1995-02-01,Caruaru,51.7,29.91,21.32,24.76,132.82,12,28
1995-02-01,Garanhuns,37.6,28.8,19.41,23.11,136.36,15,28
1995-02-01,Petrolina,97.6,31.16,22.68,26.46,139.81,8,28
1995-02-01,Recife,52.2,30.32,24.72,27.15,130.73,11,28
1995-02-01,Salgueiro,164.0,30.46,22.11,25.72,125.01,8,28
1995-02-01,Serra Talhada,124.0,30.73,22.27,26.05,132.74,10,28
1995-03-01,Caruaru,38.1,30.04,21.23,24.84,149.78,17,31
1995-03-01,Garanhuns,28.9,28.83,19.18,23.12,153.22,23,31
1995-03-01,Petrolina,82.7,31.83,22.89,27.02,173.58,22,31
1995-03-01,Recife,52.7,30.79,24.91,27.52,153.79,15,31
1995-03-01,Salgueiro,198.7,30.92,22.58,26.28,147.05,18,31
1995-03-01,Serra Talhada,313.6,31.46,22.75,26.77,159.52,20,31
1995-04-01,Caruaru,99.1,28.45,21.1,23.87,112.31,12,30
1995-04-01,Garanhuns,89.7,26.9,19.01,22.09,115.75,17,30
1995-04-01,Petrolina,56.7,31.0,22.51,26.2,142.45,21,30
1995-04-01,Recife,161.6,28.93,24.47,26.42,106.41,6,30
1995-04-01,Salgueiro,138.6,29.54,21.88,25.25,124.42,15,30
1995-04-01,Serra Talhada,165.2,29.44,21.79,25.15,127.33,18,30
1995-05-01,Caruaru,47.2,27.57,20.65,23.42,108.53,16,31
1995-05-01,Garanhuns,42.2,25.95,18.72,21.55,106.7,19,31
1995-05-01,Petrolina,31.9,31.17,22.45,26.4,150.14,27,31
1995-05-01,Recife,94.3,28.27,23.86,25.82,101.95,8,31
1995-05-01,Salgueiro,171.4,29.75,21.82,25.32,124.36,20,31
1995-05-01,Serra Talhada,76.5,29.73,21.6,25.27,127.35,20,31
1995-06-01,Caruaru,62.2,25.19,19.72,21.82,82.03,17,30
1995-06-01,Garanhuns,109.8,22.81,17.63,19.6,72.77,13,30
1995-06-01,Petrolina,0.5,28.8,20.4,24.19,133.76,30,30
1995-06-01,Recife,147.5,26.99,23.27,24.91,88.34,3,30
1995-06-01,Salgueiro,23.3,27.29,20.15,23.24,101.87,25,30
1995-06-01,Serra Talhada,13.5,27.19,19.98,23.02,101.0,28,30
1995-07-01,Caruaru,45.9,24.48,18.73,20.92,87.91,13,31
1995-07-01,Garanhuns,73.1,22.03,16.62,18.79,78.49,11,31
1995-07-01,Petrolina,2.0,28.91,19.75,23.75,147.23,31,31
1995-07-01,Recife,115.2,26.43,22.49,24.23,94.94,4,31
1995-07-01,Salgueiro,5.9,27.74,19.37,23.01,119.74,30,31
1995-07-01,Serra Talhada,7.2,28.02,19.22,23.01,121.49,29,31
1995-08-01,Caruaru,18.2,25.26,18.01,20.99,111.1,24,31
1995-08-01,Garanhuns,35.1,22.69,16.06,18.75,97.18,17,31
1995-08-01,Petrolina,0.2,29.9,19.24,24.15,176.92,31,31
1995-08-01,Recife,39.7,26.65,22.2,24.15,118.88,16,31
1995-08-01,Salgueiro,0.0,29.73,19.13,23.83,165.7,31,31
1995-08-01,Serra Talhada,0.0,30.35,19.02,23.98,174.87,31,31
1995-09-01,Caruaru,10.8,26.21,18.31,21.5,120.73,26,30
1995-09-01,Garanhuns,23.5,23.91,16.23,19.32,111.07,20,30
1995-09-01,Petrolina,0.0,31.92,19.57,25.47,210.31,30,30
1995-09-01,Recife,30.7,27.62,22.64,24.78,134.81,14,30
1995-09-01,Salgueiro,0.0,31.7,19.63,25.11,197.82,30,30
1995-09-01,Serra Talhada,0.1,32.07,19.46,25.23,201.08,30,30
1995-10-01,Caruaru,4.2,29.19,19.35,23.31,155.64,30,31
1995-10-01,Garanhuns,7.2,27.64,17.01,21.36,155.7,28,31
1995-10-01,Petrolina,2.2,34.63,21.85,28.28,241.72,30,31
1995-10-01,Recife,22.3,29.01,23.47,25.84,150.99,22,31
1995-10-01,Salgueiro,10.4,34.34,22.27,28.22,229.03,30,31
1995-10-01,Serra Talhada,1.3,34.41,21.83,28.14,227.74,30,31
1995-11-01,Caruaru,32.1,28.51,19.95,23.43,134.64,22,30
1995-11-01,Garanhuns,63.5,27.06,17.86,21.6,135.73,18,30
1995-11-01,Petrolina,49.1,32.56,22.21,27.12,186.42,24,30
1995-11-01,Recife,48.1,28.45,23.59,25.68,127.81,11,30
1995-11-01,Salgueiro,47.1,32.96,22.29,27.39,191.81,23,30
1995-11-01,Serra Talhada,42.6,33.22,22.14,27.45,194.68,25,30
1995-12-01,Caruaru,7.2,31.25,20.32,24.92,174.27,27,31
1995-12-01,Garanhuns,6.3,29.53,18.19,23.13,173.53,29,31
1995-12-01,Petrolina,87.1,32.12,22.7,26.98,169.33,17,31
1995-12-01,Recife,11.4,30.7,24.48,27.07,166.16,25,31
1995-12-01,Salgueiro,51.1,33.35,23.28,28.0,187.83,23,31
1995-12-01,Serra Talhada,25.9,33.86,23.35,28.53,197.11,25,31
1996-01-01,Caruaru,38.0,29.3,20.72,24.28,149.69,11,31
1996-01-01,Garanhuns,31.8,27.85,18.61,22.45,150.49,19,31
1996-01-01,Petrolina,15.9,32.53,22.77,27.45,199.03,26,31
1996-01-01,Recife,51.4,29.87,24.43,26.83,148.74,9,31
1996-01-01,Salgueiro,28.2,32.79,23.03,27.48,186.0,22,31
1996-01-01,Serra Talhada,23.2,34.05,23.32,28.29,200.52,23,31
1996-02-01,Caruaru,29.9,30.13,20.97,24.74,146.4,19,29
1996-02-01,Garanhuns,25.3,28.68,18.77,22.91,147.65,20,29
1996-02-01,Petrolina,71.0,32.4,22.95,27.46,174.97,19,29
1996-02-01,Recife,53.9,30.84,24.89,27.4,148.52,13,29
1996-02-01,Salgueiro,98.1,32.2,22.81,27.06,159.0,16,29
1996-02-01,Serra Talhada,53.2,33.45,23.46,28.24,176.2,21,29
1996-03-01,Caruaru,74.4,29.59,21.39,24.58,137.56,9,31
1996-03-01,Garanhuns,57.1,28.51,19.59,23.07,143.2,11,31
1996-03-01,Petrolina,101.2,31.69,23.0,26.9,152.07,8,31
1996-03-01,Recife,91.4,29.91,24.36,26.83,131.26,3,31
1996-03-01,Salgueiro,140.2,30.79,22.49,26.03,138.75,10,31
1996-03-01,Serra Talhada,166.9,30.98,22.56,26.22,142.91,14,31
1996-04-01,Caruaru,148.7,27.62,21.1,23.51,101.08,9,30
1996-04-01,Garanhuns,251.5,25.73,19.18,21.57,98.39,5,30
1996-04-01,Petrolina,67.1,30.2,22.33,25.72,133.27,12,30
1996-04-01,Recife,208.8,28.87,24.14,26.11,102.1,3,30
1996-04-01,Salgueiro,279.8,29.09,21.85,24.85,114.94,11,30
1996-04-01,Serra Talhada,204.0,28.55,21.51,24.51,111.82,9,30
1996-05-01,Caruaru,38.9,26.97,20.04,22.84,106.56,19,31
1996-05-01,Garanhuns,77.8,24.25,18.02,20.52,91.04,9,31
1996-05-01,Petrolina,4.0,30.73,21.39,25.76,157.79,30,31
1996-05-01,Recife,107.2,28.17,23.61,25.59,108.09,10,31
1996-05-01,Salgueiro,26.5,28.97,20.83,24.45,120.81,23,31
1996-05-01,Serra Talhada,18.4,28.61,20.63,24.11,118.53,22,31
1996-06-01,Caruaru,29.3,25.32,19.23,21.63,89.18,19,30
1996-06-01,Garanhuns,64.3,22.78,17.11,19.35,81.09,14,30
1996-06-01,Petrolina,4.8,28.59,20.0,23.84,134.91,29,30
1996-06-01,Recife,110.3,26.81,23.05,24.69,92.95,4,30
1996-06-01,Salgueiro,8.4,28.79,19.94,23.8,127.3,27,30
1996-06-01,Serra Talhada,7.8,29.05,19.82,23.82,131.29,27,30
1996-07-01,Caruaru,42.4,24.38,18.48,20.76,84.45,13,31
1996-07-01,Garanhuns,67.6,21.83,16.47,18.58,73.92,8,31
1996-07-01,Petrolina,1.8,29.13,19.23,23.95,161.63,31,31
1996-07-01,Recife,97.9,26.22,22.36,23.97,94.63,4,31
1996-07-01,Salgueiro,5.0,28.28,19.36,23.33,134.1,30,31
1996-07-01,Serra Talhada,10.7,28.03,19.25,23.04,127.58,29,31
1996-08-01,Caruaru,48.3,25.02,18.6,21.14,95.48,16,31
1996-08-01,Garanhuns,82.4,22.44,16.51,18.83,85.3,11,31
1996-08-01,Petrolina,3.8,29.58,19.82,24.36,161.72,31,31
1996-08-01,Recife,125.2,26.45,22.38,24.12,104.84,8,31
1996-08-01,Salgueiro,22.7,29.13,19.65,23.87,147.16,25,31
1996-08-01,Serra Talhada,23.1,29.25,19.48,23.71,147.77,26,31
1996-09-01,Caruaru,31.9,26.3,18.67,21.77,117.78,16,30
1996-09-01,Garanhuns,35.3,24.05,16.51,19.59,111.45,14,30
1996-09-01,Petrolina,0.8,32.3,20.37,25.99,202.2,30,30
1996-09-01,Recife,70.2,27.03,22.55,24.5,118.85,6,30
1996-09-01,Salgueiro,0.2,32.54,20.28,26.05,202.51,30,30
1996-09-01,Serra Talhada,2.3,32.64,20.1,25.93,202.59,29,30
1996-10-01,Caruaru,13.2,28.89,19.7,23.43,150.88,27,31
1996-10-01,Garanhuns,14.6,27.09,17.53,21.42,150.49,26,31
1996-10-01,Petrolina,3.9,34.49,22.46,28.43,236.6,30,31
1996-10-01,Recife,46.5,28.67,23.59,25.83,142.58,11,31
1996-10-01,Salgueiro,0.9,34.91,23.13,28.9,233.86,31,31
1996-10-01,Serra Talhada,0.7,34.81,22.27,28.57,228.29,31,31
1996-11-01,Caruaru,39.1,29.19,20.32,23.95,145.49,17,30
1996-11-01,Garanhuns,33.8,27.77,18.33,22.23,146.4,21,30
1996-11-01,Petrolina,52.8,32.52,22.75,27.09,182.01,22,30
1996-11-01,Recife,53.1,29.45,23.9,26.3,140.26,12,30
1996-11-01,Salgueiro,57.8,33.85,23.25,28.01,199.11,24,30
1996-11-01,Serra Talhada,17.9,34.16,22.86,28.15,201.07,24,30
1996-12-01,Caruaru,24.9,30.15,20.8,24.7,161.37,22,31
1996-12-01,Garanhuns,21.3,28.64,18.49,22.81,164.23,22,31
1996-12-01,Petrolina,22.6,33.54,23.17,28.12,203.76,24,31
1996-12-01,Recife,43.0,30.43,24.56,27.13,155.5,8,31
1996-12-01,Salgueiro,3.8,34.69,23.98,29.12,215.97,30,31
1996-12-01,Serra Talhada,4.5,35.19,23.52,29.37,222.22,28,31
1997-01-01,Caruaru,34.0,29.63,20.97,24.47,150.74,20,31
1997-01-01,Garanhuns,47.0,28.07,18.85,22.63,152.96,17,31
1997-01-01,Petrolina,123.3,30.95,22.54,26.27,154.37,17,31
1997-01-01,Recife,42.2,30.01,24.62,27.0,148.16,16,31
1997-01-01,Salgueiro,98.5,32.33,23.68,27.65,165.74,21,31
1997-01-01,Serra Talhada,40.2,32.91,23.6,28.11,180.21,24,31
1997-02-01,Caruaru,31.9,28.45,20.59,23.77,127.69,17,28
1997-02-01,Garanhuns,38.5,26.49,18.51,21.75,124.86,14,28
1997-02-01,Petrolina,13.3,32.05,22.18,26.65,172.73,23,28
1997-02-01,Recife,76.5,29.17,24.24,26.39,123.54,8,28
1997-02-01,Salgueiro,23.1,32.36,22.43,27.01,171.42,25,28
1997-02-01,Serra Talhada,26.8,32.73,22.14,27.06,169.32,22,28
1997-03-01,Caruaru,63.6,28.75,21.16,24.08,131.18,15,31
1997-03-01,Garanhuns,72.0,27.2,19.09,22.2,130.62,13,31
1997-03-01,Petrolina,313.2,29.02,21.97,24.9,121.29,13,31
1997-03-01,Recife,92.9,29.34,24.28,26.5,126.63,6,31
1997-03-01,Salgueiro,195.5,30.66,22.26,25.91,144.11,14,31
1997-03-01,Serra Talhada,125.7,31.15,22.28,26.32,152.12,18,31
1997-04-01,Caruaru,47.3,27.59,20.88,23.45,109.85,13,30
1997-04-01,Garanhuns,79.7,25.56,18.83,21.33,103.26,11,30
1997-04-01,Petrolina,62.0,28.37,21.16,24.31,115.48,21,30
1997-04-01,Recife,102.9,28.49,23.67,25.83,108.99,6,30
1997-04-01,Salgueiro,107.7,28.98,21.56,24.73,119.54,16,30
1997-04-01,Serra Talhada,78.6,29.05,21.46,24.72,121.36,21,30
1997-05-01,Caruaru,146.8,25.61,20.14,22.1,87.77,11,31
1997-05-01,Garanhuns,122.6,23.17,18.02,19.92,78.23,12,31
1997-05-01,Petrolina,10.3,27.39,20.54,23.43,114.07,29,31
1997-05-01,Recife,114.2,27.47,23.57,25.19,99.19,7,31
1997-05-01,Salgueiro,32.7,27.76,20.57,23.58,109.35,20,31
1997-05-01,Serra Talhada,45.6,27.6,20.48,23.38,107.17,18,31
1997-06-01,Caruaru,21.9,25.64,18.87,21.65,96.75,18,30
1997-06-01,Garanhuns,33.6,23.66,16.64,19.57,92.12,18,30
1997-06-01,Petrolina,2.9,29.0,19.71,23.98,125.55,29,30
1997-06-01,Recife,49.6,27.2,22.58,24.65,99.45,13,30
1997-06-01,Salgueiro,3.7,29.78,19.95,24.44,138.62,28,30
1997-06-01,Serra Talhada,5.9,29.95,19.75,24.47,138.68,27,30
1997-07-01,Caruaru,36.3,24.27,18.1,20.55,89.44,18,31
1997-07-01,Garanhuns,53.7,21.91,16.07,18.41,79.89,12,31
1997-07-01,Petrolina,2.9,27.73,18.79,22.81,136.42,30,31
1997-07-01,Recife,60.8,26.25,21.94,23.84,101.61,8,31
1997-07-01,Salgueiro,5.1,28.23,19.11,23.1,137.74,29,31
1997-07-01,Serra Talhada,4.5,28.42,18.98,23.01,136.8,30,31
1997-08-01,Caruaru,27.6,24.68,18.2,20.74,99.56,20,31
1997-08-01,Garanhuns,52.7,22.28,16.03,18.48,89.83,15,31
1997-08-01,Petrolina,0.7,29.52,18.68,23.72,178.68,31,31
1997-08-01,Recife,69.0,26.3,22.03,23.85,109.06,11,31
1997-08-01,Salgueiro,2.2,29.28,18.88,23.55,161.01,30,31
1997-08-01,Serra Talhada,5.7,29.32,18.88,23.45,157.75,30,31
1997-09-01,Caruaru,3.3,28.61,18.64,22.74,144.21,29,30
1997-09-01,Garanhuns,2.8,26.9,16.37,20.82,143.4,29,30
1997-09-01,Petrolina,0.0,34.28,21.27,27.77,218.76,30,30
1997-09-01,Recife,12.9,28.73,22.91,25.37,140.17,26,30
1997-09-01,Salgueiro,0.0,34.43,21.66,27.97,219.21,30,30
1997-09-01,Serra Talhada,0.0,34.31,21.11,27.73,213.38,30,30
1997-10-01,Caruaru,9.8,30.42,19.45,24.04,168.79,28,31
1997-10-01,Garanhuns,9.3,28.85,17.26,22.26,166.82,28,31
1997-10-01,Petrolina,48.4,34.39,22.99,28.63,222.79,29,31
1997-10-01,Recife,19.0,29.97,23.78,26.37,161.01,22,31
1997-10-01,Salgueiro,39.5,34.88,22.9,28.79,221.58,29,31
1997-10-01,Serra Talhada,5.3,35.26,22.65,29.03,225.42,29,31
1997-11-01,Caruaru,7.8,30.86,20.11,24.57,166.55,28,30
1997-11-01,Garanhuns,14.9,28.94,17.73,22.57,162.95,26,30
1997-11-01,Petrolina,28.2,33.88,22.89,28.21,206.3,22,30
1997-11-01,Recife,16.3,30.2,24.24,26.82,155.95,22,30
1997-11-01,Salgueiro,6.3,34.92,23.63,29.12,213.84,28,30
1997-11-01,Serra Talhada,2.6,35.21,23.12,29.24,217.29,29,30
1997-12-01,Caruaru,26.4,30.92,21.03,25.11,165.19,21,31
1997-12-01,Garanhuns,26.4,29.25,18.79,23.25,163.78,21,31
1997-12-01,Petrolina,36.4,34.31,23.84,28.79,205.69,22,31
1997-12-01,Recife,27.0,31.01,24.97,27.55,162.44,22,31
1997-12-01,Salgueiro,31.7,35.2,24.59,29.69,209.92,22,31
1997-12-01,Serra Talhada,13.2,35.34,24.43,29.79,216.83,27,31
1998-01-01,Caruaru,37.0,30.26,21.64,25.15,149.02,19,31
1998-01-01,Garanhuns,30.5,28.92,19.54,23.43,151.22,19,31
1998-01-01,Petrolina,127.5,31.4,23.16,26.71,148.3,12,31
1998-01-01,Recife,58.2,30.75,25.33,27.63,146.72,11,31
1998-01-01,Salgueiro,94.5,32.17,23.22,27.17,148.61,14,31
1998-01-01,Serra Talhada,104.7,32.08,23.22,27.17,153.18,15,31
1998-02-01,Caruaru,18.0,31.32,21.86,25.75,150.62,19,28
1998-02-01,Garanhuns,11.2,30.14,19.6,23.96,153.2,23,28
1998-02-01,Petrolina,81.2,33.25,23.86,28.3,165.39,21,28
1998-02-01,Recife,25.9,31.52,25.84,28.24,146.89,17,28
1998-02-01,Salgueiro,93.4,34.87,24.4,29.44,176.66,22,28
1998-02-01,Serra Talhada,15.3,36.02,24.75,30.31,193.61,26,28
1998-03-01,Caruaru,32.2,31.21,22.03,25.72,160.72,19,31
1998-03-01,Garanhuns,34.5,29.4,19.8,23.66,154.97,18,31
1998-03-01,Petrolina,15.5,35.04,24.53,29.61,213.12,26,31
1998-03-01,Recife,54.8,31.39,25.8,28.18,156.5,11,31
1998-03-01,Salgueiro,29.8,34.85,24.1,29.15,195.49,23,31
1998-03-01,Serra Talhada,26.2,35.72,24.49,29.78,211.47,25,31
1998-04-01,Caruaru,18.0,30.32,21.95,25.26,136.51,23,30
1998-04-01,Garanhuns,23.5,28.66,19.59,23.24,134.58,21,30
1998-04-01,Petrolina,0.0,35.33,23.99,29.61,219.32,30,30
1998-04-01,Recife,51.1,30.36,25.64,27.56,130.25,13,30
1998-04-01,Salgueiro,7.6,35.63,24.26,29.68,205.15,28,30
1998-04-01,Serra Talhada,4.4,35.75,24.25,29.74,207.59,28,30
1998-05-01,Caruaru,24.0,28.23,20.6,23.71,116.49,19,31
1998-05-01,Garanhuns,21.1,26.69,18.49,21.8,115.44,23,31
1998-05-01,Petrolina,0.2,32.7,22.38,27.35,183.71,31,31
1998-05-01,Recife,110.3,29.02,24.46,26.39,115.56,8,31
1998-05-01,Salgueiro,2.8,32.72,22.76,27.5,176.07,30,31
1998-05-01,Serra Talhada,2.1,32.96,22.67,27.52,180.11,30,31
1998-06-01,Caruaru,12.4,26.3,19.5,22.22,98.34,26,30
1998-06-01,Garanhuns,48.4,24.14,17.62,20.07,90.04,17,30
1998-06-01,Petrolina,1.2,29.4,20.73,24.63,145.19,30,30
1998-06-01,Recife,43.5,27.87,23.73,25.48,109.43,13,30
1998-06-01,Salgueiro,9.4,29.88,20.79,24.74,141.51,26,30
1998-06-01,Serra Talhada,17.0,30.07,20.61,24.65,143.48,25,30
1998-07-01,Caruaru,24.7,25.62,19.22,21.69,98.9,24,31
1998-07-01,Garanhuns,66.9,23.12,17.12,19.44,85.37,15,31
1998-07-01,Petrolina,0.9,29.49,20.27,24.43,151.14,31,31
1998-07-01,Recife,64.2,27.2,22.91,24.77,103.91,13,31
1998-07-01,Salgueiro,8.3,29.44,20.18,24.27,143.28,28,31
1998-07-01,Serra Talhada,8.8,29.53,19.95,24.14,142.84,29,31
1998-08-01,Caruaru,31.6,25.47,18.73,21.38,105.5,18,31
1998-08-01,Garanhuns,41.8,23.29,16.62,19.24,98.33,18,31
1998-08-01,Petrolina,0.6,31.14,19.86,25.18,190.63,31,31
1998-08-01,Recife,66.1,27.17,22.55,24.55,116.24,9,31
1998-08-01,Salgueiro,1.3,31.1,19.59,24.79,177.91,31,31
1998-08-01,Serra Talhada,1.8,30.97,19.39,24.65,175.5,30,31
1998-09-01,Caruaru,7.0,27.27,18.66,22.21,130.8,28,30
1998-09-01,Garanhuns,16.3,25.04,16.66,20.07,121.3,24,30
1998-09-01,Petrolina,0.4,33.06,20.36,26.49,219.07,30,30
1998-09-01,Recife,36.7,28.41,23.06,25.38,138.6,15,30
1998-09-01,Salgueiro,0.0,32.97,20.29,26.24,211.95,30,30
1998-09-01,Serra Talhada,0.0,33.08,20.13,26.2,212.97,30,30
1998-10-01,Caruaru,5.3,29.24,19.56,23.47,158.65,30,31
1998-10-01,Garanhuns,9.1,27.29,17.33,21.38,153.27,27,31
1998-10-01,Petrolina,0.7,34.92,22.17,28.55,250.53,31,31
1998-10-01,Recife,24.4,29.51,23.85,26.25,158.3,21,31
1998-10-01,Salgueiro,0.7,35.3,22.18,28.54,252.46,31,31
1998-10-01,Serra Talhada,0.3,35.13,21.6,28.35,243.09,31,31
1998-11-01,Caruaru,5.7,31.02,20.48,24.86,166.03,28,30
1998-11-01,Garanhuns,3.5,29.55,18.3,23.17,172.07,29,30
1998-11-01,Petrolina,81.0,33.5,23.72,28.37,180.4,19,30
1998-11-01,Recife,19.6,30.58,24.7,27.13,158.47,21,30
1998-11-01,Salgueiro,16.2,35.24,24.75,30.04,202.64,27,30
1998-11-01,Serra Talhada,2.7,35.12,23.93,29.88,205.26,28,30
1998-12-01,Caruaru,5.5,30.85,20.64,24.89,172.26,30,31
1998-12-01,Garanhuns,6.7,29.28,18.44,23.09,171.46,28,31
1998-12-01,Petrolina,40.3,32.76,23.17,27.69,185.64,24,31
1998-12-01,Recife,26.4,30.7,24.99,27.38,166.57,19,31
1998-12-01,Salgueiro,4.4,35.32,24.65,29.87,219.39,29,31
1998-12-01,Serra Talhada,0.5,35.03,23.78,29.51,220.83,31,31
1999-01-01,Caruaru,19.7,30.07,20.61,24.51,158.43,22,31
1999-01-01,Garanhuns,17.0,28.74,18.44,22.74,162.38,25,31
1999-01-01,Petrolina,68.9,32.66,23.19,27.81,190.01,26,31
1999-01-01,Recife,26.5,30.4,24.83,27.2,157.55,20,31
1999-01-01,Salgueiro,129.9,32.4,23.16,27.47,170.08,23,31
1999-01-01,Serra Talhada,53.7,33.37,23.1,28.02,183.49,19,31
1999-02-01,Caruaru,28.9,29.62,20.72,24.35,138.96,19,28
1999-02-01,Garanhuns,37.9,27.92,18.49,22.36,137.19,15,28
1999-02-01,Petrolina,24.4,33.77,23.47,28.52,190.08,22,28
1999-02-01,Recife,34.8,30.61,24.98,27.43,147.56,15,28
1999-02-01,Salgueiro,37.9,34.2,23.56,28.52,178.62,22,28
1999-02-01,Serra Talhada,14.9,34.98,23.63,29.01,196.08,25,28
1999-03-01,Caruaru,40.6,29.64,20.96,24.44,149.43,22,31
1999-03-01,Garanhuns,36.3,28.31,18.54,22.58,151.94,22,31
1999-03-01,Petrolina,100.1,31.84,22.62,26.76,167.64,19,31
1999-03-01,Recife,54.2,30.42,24.76,27.23,150.83,15,31
1999-03-01,Salgueiro,237.1,30.54,22.21,26.0,143.48,13,31
1999-03-01,Serra Talhada,247.4,30.86,22.14,26.11,149.83,16,31
1999-04-01,Caruaru,16.8,29.38,20.61,24.11,138.56,25,30
1999-04-01,Garanhuns,13.1,27.56,18.46,22.13,133.23,24,30
1999-04-01,Petrolina,1.4,33.49,22.8,27.92,201.7,30,30
1999-04-01,Recife,45.2,30.01,24.71,26.98,139.52,18,30
1999-04-01,Salgueiro,7.8,32.46,22.42,27.2,179.78,28,30
1999-04-01,Serra Talhada,3.2,33.18,22.41,27.57,185.4,30,30
1999-05-01,Caruaru,38.1,27.34,20.32,23.07,109.98,24,31
1999-05-01,Garanhuns,39.8,25.31,18.3,21.08,103.01,16,31
1999-05-01,Petrolina,4.2,31.52,21.7,26.26,168.08,30,31
1999-05-01,Recife,71.8,28.44,23.61,25.77,113.23,10,31
1999-05-01,Salgueiro,33.3,30.24,21.4,25.35,138.4,24,31
1999-05-01,Serra Talhada,56.2,29.8,21.14,24.96,133.83,21,31
1999-06-01,Caruaru,10.2,26.41,19.19,22.14,103.22,25,30
1999-06-01,Garanhuns,46.6,24.04,17.05,19.84,91.85,19,30
1999-06-01,Petrolina,0.8,30.46,20.69,25.14,157.07,30,30
1999-06-01,Recife,50.8,28.06,23.21,25.3,109.57,17,30
1999-06-01,Salgueiro,4.3,29.93,20.17,24.51,142.48,29,30
1999-06-01,Serra Talhada,2.0,29.75,19.87,24.28,140.18,30,30
1999-07-01,Caruaru,23.2,25.03,18.1,20.9,101.48,24,31
1999-07-01,Garanhuns,44.5,22.51,15.95,18.59,89.26,15,31
1999-07-01,Petrolina,0.8,29.3,19.32,23.89,162.92,31,31
1999-07-01,Recife,76.4,26.81,22.35,24.31,111.69,12,31
1999-07-01,Salgueiro,3.2,28.78,18.81,23.32,150.36,30,31
1999-07-01,Serra Talhada,6.2,28.8,18.59,23.14,148.36,29,31
1999-08-01,Caruaru,15.5,24.97,17.5,20.64,106.79,25,31
1999-08-01,Garanhuns,39.6,22.57,15.41,18.42,97.99,15,31
1999-08-01,Petrolina,1.3,28.92,18.84,23.37,165.9,31,31
1999-08-01,Recife,46.7,27.16,22.08,24.28,129.23,15,31
1999-08-01,Salgueiro,1.5,29.33,18.67,23.48,164.63,31,31
1999-08-01,Serra Talhada,1.6,29.46,18.43,23.36,165.58,31,31
1999-09-01,Caruaru,22.9,26.25,18.56,21.67,117.73,19,30
1999-09-01,Garanhuns,39.5,23.91,16.46,19.46,108.01,14,30
1999-09-01,Petrolina,10.1,31.27,19.41,25.06,191.04,28,30
1999-09-01,Recife,33.8,27.9,22.88,25.06,133.14,15,30
1999-09-01,Salgueiro,4.2,31.69,19.85,25.32,188.76,29,30
1999-09-01,Serra Talhada,1.6,32.05,19.8,25.47,191.23,29,30
1999-10-01,Caruaru,23.1,27.91,19.3,22.77,140.96,24,31
1999-10-01,Garanhuns,36.7,26.07,17.19,20.73,137.31,22,31
1999-10-01,Petrolina,4.4,31.92,20.78,26.16,197.78,30,31
1999-10-01,Recife,35.5,28.95,23.29,25.76,147.47,13,31
1999-10-01,Salgueiro,18.3,32.64,21.17,26.45,199.69,26,31
1999-10-01,Serra Talhada,15.7,32.48,21.02,26.32,198.6,25,31
1999-11-01,Caruaru,11.3,29.54,20.1,24.0,151.28,27,30
1999-11-01,Garanhuns,13.7,28.0,17.88,22.13,152.63,26,30
1999-11-01,Petrolina,82.1,31.68,21.81,26.39,169.98,24,30
1999-11-01,Recife,23.9,30.15,24.22,26.8,155.29,21,30
1999-11-01,Salgueiro,25.8,33.49,22.81,27.79,185.99,24,30
1999-11-01,Serra Talhada,16.9,33.49,22.43,27.81,188.84,25,30
1999-12-01,Caruaru,33.9,29.25,20.59,24.11,148.54,22,31
1999-12-01,Garanhuns,63.4,27.53,18.41,22.12,144.74,15,31
1999-12-01,Petrolina,93.5,30.95,22.1,26.17,167.57,20,31
1999-12-01,Recife,52.0,29.75,24.35,26.76,146.43,9,31
1999-12-01,Salgueiro,168.6,32.39,22.69,27.15,182.14,20,31
1999-12-01,Serra Talhada,70.6,32.92,22.49,27.47,188.43,22,31
2000-01-01,Caruaru,30.1,29.03,20.77,24.16,144.74,17,31
2000-01-01,Garanhuns,41.1,26.97,18.58,22.09,139.23,17,31
2000-01-01,Petrolina,58.1,30.44,21.99,25.72,149.82,19,31
2000-01-01,Recife,46.5,29.81,24.35,26.74,146.08,13,31
2000-01-01,Salgueiro,65.8,30.68,22.03,25.87,153.08,18,31
2000-01-01,Serra Talhada,35.6,31.26,22.17,26.3,160.82,22,31
2000-02-01,Caruaru,90.7,28.73,20.85,23.94,126.77,13,29
2000-02-01,Garanhuns,88.6,26.94,18.78,22.11,125.21,12,29
2000-02-01,Petrolina,125.4,30.21,21.79,25.5,137.93,12,29
2000-02-01,Recife,120.0,29.37,24.08,26.4,123.61,7,29
2000-02-01,Salgueiro,168.1,30.31,21.62,25.44,134.79,14,29
2000-02-01,Serra Talhada,212.0,30.59,21.91,25.75,138.85,14,29
2000-03-01,Caruaru,45.0,28.6,20.94,23.88,138.42,19,31
2000-03-01,Garanhuns,42.1,26.44,18.73,21.78,129.79,11,31
2000-03-01,Petrolina,72.6,30.64,21.74,25.82,157.74,23,31
2000-03-01,Recife,63.6,29.86,24.52,26.84,142.73,14,31
2000-03-01,Salgueiro,56.6,30.81,21.95,25.9,157.8,20,31
2000-03-01,Serra Talhada,29.8,31.36,22.02,26.32,165.92,22,31
2000-04-01,Caruaru,84.4,27.4,20.96,23.45,109.55,13,30
2000-04-01,Garanhuns,93.1,25.51,19.0,21.41,104.75,11,30
2000-04-01,Petrolina,26.7,31.36,22.17,26.31,154.07,22,30
2000-04-01,Recife,241.9,28.53,23.91,25.96,107.57,3,30
2000-04-01,Salgueiro,55.8,30.5,21.8,25.61,138.34,18,30
2000-04-01,Serra Talhada,90.4,30.15,21.56,25.29,135.35,19,30
2000-05-01,Caruaru,18.1,26.91,19.94,22.77,108.01,25,31
2000-05-01,Garanhuns,44.2,24.52,17.89,20.5,97.96,17,31
2000-05-01,Petrolina,3.0,31.41,21.45,26.06,163.24,31,31
2000-05-01,Recife,86.8,28.03,23.59,25.54,106.3,11,31
2000-05-01,Salgueiro,1.4,30.51,21.16,25.52,146.31,31,31
2000-05-01,Serra Talhada,3.6,30.06,20.78,25.1,139.55,30,31
2000-06-01,Caruaru,191.9,24.84,19.76,21.66,77.88,15,30
2000-06-01,Garanhuns,121.8,22.58,17.67,19.5,71.53,11,30
2000-06-01,Petrolina,4.4,29.34,20.92,24.69,139.74,29,30
2000-06-01,Recife,357.3,26.85,23.04,24.66,83.51,5,30
2000-06-01,Salgueiro,34.2,28.44,20.5,23.93,115.14,23,30
2000-06-01,Serra Talhada,39.1,27.72,20.18,23.42,105.68,22,30
2000-07-01,Caruaru,77.0,24.19,18.72,20.81,79.85,16,31
2000-07-01,Garanhuns,85.0,22.22,16.77,18.8,78.29,11,31
2000-07-01,Petrolina,1.0,29.23,19.51,24.06,153.98,31,31
2000-07-01,Recife,213.9,26.05,22.21,23.86,82.41,4,31
2000-07-01,Salgueiro,4.3,28.33,19.49,23.54,129.48,30,31
2000-07-01,Serra Talhada,10.7,27.83,19.24,23.04,120.27,27,31
2000-08-01,Caruaru,44.6,24.96,18.44,21.04,100.44,22,31
2000-08-01,Garanhuns,70.5,22.55,16.38,18.93,91.87,17,31
2000-08-01,Petrolina,0.5,30.28,19.68,24.65,173.54,31,31
2000-08-01,Recife,142.6,26.55,22.35,24.17,107.11,6,31
2000-08-01,Salgueiro,19.6,29.67,19.4,24.03,152.86,26,31
2000-08-01,Serra Talhada,25.5,28.91,19.05,23.48,143.54,27,31
2000-09-01,Caruaru,64.2,25.49,19.04,21.55,105.09,9,30
2000-09-01,Garanhuns,70.5,23.35,17.05,19.43,98.5,9,30
2000-09-01,Petrolina,2.5,31.58,20.55,25.71,191.0,30,30
2000-09-01,Recife,87.6,26.88,22.54,24.46,106.35,3,30
2000-09-01,Salgueiro,8.7,31.61,20.58,25.54,180.05,27,30
2000-09-01,Serra Talhada,7.5,31.39,20.5,25.34,175.5,28,30
2000-10-01,Caruaru,18.7,27.3,19.31,22.57,135.43,25,31
2000-10-01,Garanhuns,18.1,25.61,17.1,20.58,136.48,22,31
2000-10-01,Petrolina,0.7,34.15,21.35,27.7,241.94,31,31
2000-10-01,Recife,42.9,28.12,23.35,25.42,137.75,16,31
2000-10-01,Salgueiro,1.7,34.31,21.73,27.65,230.2,30,31
2000-10-01,Serra Talhada,0.3,34.15,21.24,27.41,225.07,31,31
2000-11-01,Caruaru,12.9,29.24,20.0,23.86,152.45,25,30
2000-11-01,Garanhuns,35.8,27.49,17.78,21.89,148.05,21,30
2000-11-01,Petrolina,135.9,31.25,22.0,26.3,165.15,24,30
2000-11-01,Recife,23.9,29.71,23.94,26.42,147.75,20,30
2000-11-01,Salgueiro,15.3,34.55,22.99,28.48,211.15,28,30
2000-11-01,Serra Talhada,13.8,34.21,22.39,28.13,206.12,28,30
2000-12-01,Caruaru,61.1,28.75,19.99,23.64,143.1,23,31
2000-12-01,Garanhuns,75.2,26.91,17.67,21.65,143.74,20,31
2000-12-01,Petrolina,199.8,31.06,22.42,26.57,168.34,22,31
2000-12-01,Recife,62.6,29.18,23.96,26.28,135.88,18,31
2000-12-01,Salgueiro,84.6,32.73,22.79,27.49,186.21,25,31
2000-12-01,Serra Talhada,73.9,32.32,22.08,27.13,181.66,24,31
2001-01-01,Caruaru,12.4,28.91,20.09,23.76,155.39,26,31
2001-01-01,Garanhuns,22.5,26.83,17.75,21.57,148.19,20,31
2001-01-01,Petrolina,13.0,32.27,22.04,26.95,203.84,28,31
2001-01-01,Recife,32.8,29.75,24.41,26.75,157.71,17,31
2001-01-01,Salgueiro,15.5,33.29,22.77,27.75,201.39,29,31
2001-01-01,Serra Talhada,9.5,33.56,22.45,27.87,210.04,29,31
2001-02-01,Caruaru,19.0,30.11,20.81,24.68,146.7,23,28
2001-02-01,Garanhuns,22.1,28.31,18.51,22.6,141.62,18,28
2001-02-01,Petrolina,46.9,32.45,23.07,27.46,164.63,19,28
2001-02-01,Recife,29.5,30.72,24.94,27.43,146.01,20,28
2001-02-01,Salgueiro,38.3,32.99,23.5,28.0,159.41,21,28
2001-02-01,Serra Talhada,12.5,33.97,23.72,28.65,177.45,23,28
2001-03-01,Caruaru,62.4,28.97,20.88,24.09,139.56,17,31
2001-03-01,Garanhuns,42.4,27.5,18.76,22.25,138.83,18,31
2001-03-01,Petrolina,70.0,31.31,22.33,26.56,168.03,20,31
2001-03-01,Recife,60.5,29.74,24.33,26.69,139.94,7,31
2001-03-01,Salgueiro,122.5,31.39,22.14,26.32,158.16,18,31
2001-03-01,Serra Talhada,98.3,31.63,22.16,26.48,163.42,20,31
2001-04-01,Caruaru,42.9,27.52,20.37,23.21,115.16,16,30
2001-04-01,Garanhuns,32.9,26.12,18.2,21.33,114.33,19,30
2001-04-01,Petrolina,1.0,32.47,21.96,27.07,192.49,30,30
2001-04-01,Recife,169.5,28.52,24.13,26.04,114.93,8,30
2001-04-01,Salgueiro,12.6,31.99,21.83,26.68,172.63,25,30
2001-04-01,Serra Talhada,11.8,32.33,21.91,26.75,175.41,26,30
2001-05-01,Caruaru,18.3,28.25,20.01,23.48,121.01,25,31
2001-05-01,Garanhuns,19.6,26.73,18.13,21.7,119.39,23,31
2001-05-01,Petrolina,3.4,32.79,22.6,27.55,180.05,30,31
2001-05-01,Recife,44.0,28.77,23.85,26.07,116.7,15,31
2001-05-01,Salgueiro,8.6,32.73,22.35,27.26,170.98,29,31
2001-05-01,Serra Talhada,4.2,33.02,22.33,27.55,174.37,30,31
2001-06-01,Caruaru,47.4,25.07,19.35,21.46,83.17,17,30
2001-06-01,Garanhuns,86.1,22.93,17.34,19.39,77.81,11,30
2001-06-01,Petrolina,12.0,29.07,20.61,24.41,139.24,28,30
2001-06-01,Recife,115.6,26.75,22.79,24.5,87.56,4,30
2001-06-01,Salgueiro,12.3,28.71,20.41,24.07,122.52,28,30
2001-06-01,Serra Talhada,13.7,28.63,20.3,23.87,121.17,26,30
2001-07-01,Caruaru,35.0,24.8,18.91,21.15,91.63,17,31
2001-07-01,Garanhuns,61.5,22.46,17.04,19.01,81.82,8,31
2001-07-01,Petrolina,2.9,28.71,19.76,23.83,141.6,30,31
2001-07-01,Recife,88.3,26.49,22.32,24.13,97.65,2,31
2001-07-01,Salgueiro,5.4,28.95,19.93,23.75,134.45,30,31
2001-07-01,Serra Talhada,5.3,28.92,19.79,23.63,133.61,30,31
2001-08-01,Caruaru,32.5,24.6,17.91,20.61,103.11,18,31
2001-08-01,Garanhuns,61.8,21.97,15.86,18.3,88.12,13,31
2001-08-01,Petrolina,3.2,28.78,19.02,23.4,158.9,29,31
2001-08-01,Recife,57.7,26.3,22.1,23.94,118.16,9,31
2001-08-01,Salgueiro,3.0,29.31,18.77,23.31,160.29,31,31
2001-08-01,Serra Talhada,3.7,29.25,18.58,23.15,157.8,30,31
2001-09-01,Caruaru,12.7,27.17,18.86,22.19,127.04,24,30
2001-09-01,Garanhuns,20.1,24.92,16.67,19.99,119.47,21,30
2001-09-01,Petrolina,2.3,31.97,20.17,25.81,195.56,29,30
2001-09-01,Recife,30.5,27.91,22.87,25.05,131.87,19,30
2001-09-01,Salgueiro,0.4,32.75,20.61,26.31,197.33,30,30
2001-09-01,Serra Talhada,0.2,32.81,20.35,26.24,197.03,30,30
2001-10-01,Caruaru,18.9,28.96,19.6,23.35,148.32,26,31
2001-10-01,Garanhuns,36.5,27.03,17.33,21.22,147.34,22,31
2001-10-01,Petrolina,3.4,34.07,21.95,27.91,225.7,29,31
2001-10-01,Recife,36.9,29.05,23.58,25.93,146.23,20,31
2001-10-01,Salgueiro,5.0,34.55,22.37,28.16,221.47,29,31
2001-10-01,Serra Talhada,10.4,33.97,21.65,27.64,211.36,28,31
2001-11-01,Caruaru,13.6,29.8,20.23,24.11,155.3,25,30
2001-11-01,Garanhuns,17.1,28.27,17.86,22.2,158.28,25,30
2001-11-01,Petrolina,5.1,35.38,23.21,29.3,236.67,27,30
2001-11-01,Recife,27.9,29.88,24.04,26.59,150.12,17,30
2001-11-01,Salgueiro,2.3,35.69,23.92,29.65,230.51,30,30
2001-11-01,Serra Talhada,0.8,35.14,22.94,29.12,223.3,30,30
2001-12-01,Caruaru,30.6,28.96,21.1,24.18,142.47,18,31
2001-12-01,Garanhuns,37.9,27.28,18.95,22.17,138.23,10,31
2001-12-01,Petrolina,78.9,34.07,23.43,28.48,215.67,25,31
2001-12-01,Recife,60.4,29.42,24.53,26.66,138.87,7,31
2001-12-01,Salgueiro,60.0,35.03,24.16,29.31,225.18,27,31
2001-12-01,Serra Talhada,33.5,34.5,23.21,28.63,215.26,28,31
2002-01-01,Caruaru,89.6,27.93,20.93,23.59,119.9,8,31
2002-01-01,Garanhuns,95.0,26.02,18.89,21.63,118.32,11,31
2002-01-01,Petrolina,167.6,29.04,21.71,24.84,127.14,15,31
2002-01-01,Recife,109.8,28.61,23.91,25.98,117.19,5,31
2002-01-01,Salgueiro,224.6,29.29,21.76,24.95,127.66,6,31
2002-01-01,Serra Talhada,130.2,29.04,21.74,24.84,128.34,9,31
2002-02-01,Caruaru,30.7,28.96,20.82,23.99,129.85,18,28
2002-02-01,Garanhuns,43.7,27.08,18.62,21.98,125.17,18,28
2002-02-01,Petrolina,43.7,31.86,21.98,26.54,160.39,21,28
2002-02-01,Recife,55.5,29.42,24.33,26.54,127.98,11,28
2002-02-01,Salgueiro,77.6,31.36,21.9,26.24,152.02,22,28
2002-02-01,Serra Talhada,61.1,31.5,21.53,26.13,155.19,22,28
2002-03-01,Caruaru,55.4,28.64,20.86,23.91,135.48,16,31
2002-03-01,Garanhuns,48.7,26.63,18.89,21.92,128.39,17,31
2002-03-01,Petrolina,15.5,33.45,22.87,27.89,201.23,27,31
2002-03-01,Recife,81.7,29.54,24.48,26.67,137.98,13,31
2002-03-01,Salgueiro,83.3,31.57,22.15,26.51,163.9,21,31
2002-03-01,Serra Talhada,75.8,31.76,22.01,26.45,167.26,20,31
2002-04-01,Caruaru,26.9,28.09,20.53,23.6,119.69,21,30
2002-04-01,Garanhuns,41.2,26.13,18.35,21.52,113.08,16,30
2002-04-01,Petrolina,13.6,33.19,22.48,27.61,191.41,27,30
2002-04-01,Recife,76.8,28.77,24.15,26.24,117.51,7,30
2002-04-01,Salgueiro,14.6,31.79,22.16,26.64,159.25,27,30
2002-04-01,Serra Talhada,19.2,31.9,21.96,26.57,159.57,24,30
2002-05-01,Caruaru,37.9,26.82,20.3,22.89,99.76,16,31
2002-05-01,Garanhuns,63.3,24.69,18.28,20.79,92.22,15,31
2002-05-01,Petrolina,23.7,31.49,21.82,26.4,168.86,28,31
2002-05-01,Recife,94.5,28.14,23.96,25.78,104.35,5,31
2002-05-01,Salgueiro,26.8,30.71,21.52,25.69,140.5,26,31
2002-05-01,Serra Talhada,32.0,30.3,21.28,25.34,135.45,27,31
2002-06-01,Caruaru,51.1,24.95,19.41,21.51,78.49,13,30
2002-06-01,Garanhuns,93.9,22.69,17.51,19.42,72.28,7,30
2002-06-01,Petrolina,8.7,29.0,20.53,24.45,136.42,27,30
2002-06-01,Recife,168.1,26.78,22.91,24.6,84.86,4,30
2002-06-01,Salgueiro,20.3,28.59,20.53,23.99,117.18,26,30
2002-06-01,Serra Talhada,30.8,28.2,20.21,23.56,111.79,21,30
2002-07-01,Caruaru,27.0,25.19,18.84,21.4,92.25,23,31
2002-07-01,Garanhuns,39.4,22.94,16.74,19.26,86.56,18,31
2002-07-01,Petrolina,1.5,30.08,20.02,24.72,157.79,30,31
2002-07-01,Recife,105.9,26.64,22.48,24.32,96.64,11,31
2002-07-01,Salgueiro,4.7,29.77,19.75,24.29,145.37,29,31
2002-07-01,Serra Talhada,5.5,29.49,19.62,23.97,139.9,30,31
2002-08-01,Caruaru,30.2,24.91,18.02,20.84,101.99,15,31
2002-08-01,Garanhuns,54.5,22.51,15.97,18.58,91.35,8,31
2002-08-01,Petrolina,1.2,30.72,19.5,24.85,192.16,31,31
2002-08-01,Recife,69.0,26.41,22.28,24.07,110.19,5,31
2002-08-01,Salgueiro,1.1,30.11,18.99,24.1,170.5,31,31
2002-08-01,Serra Talhada,1.8,30.0,18.91,23.94,166.88,30,31
2002-09-01,Caruaru,12.6,27.4,18.52,22.16,132.4,25,30
2002-09-01,Garanhuns,13.4,25.47,16.38,20.14,129.19,24,30
2002-09-01,Petrolina,0.5,33.33,21.03,27.07,213.49,30,30
2002-09-01,Recife,29.9,28.0,22.56,24.99,133.53,18,30
2002-09-01,Salgueiro,0.0,33.5,20.93,26.89,212.47,30,30
2002-09-01,Serra Talhada,0.0,33.21,20.45,26.64,208.2,30,30
2002-10-01,Caruaru,15.6,28.18,19.33,22.86,142.87,26,31
2002-10-01,Garanhuns,16.7,26.55,17.02,20.87,142.64,24,31
2002-10-01,Petrolina,0.0,34.89,21.51,28.13,256.49,31,31
2002-10-01,Recife,42.1,28.32,23.36,25.5,141.68,15,31
2002-10-01,Salgueiro,2.1,34.91,21.73,28.1,245.64,30,31
2002-10-01,Serra Talhada,0.5,34.6,21.18,27.79,237.2,31,31
2002-11-01,Caruaru,18.7,29.48,19.87,23.83,154.02,23,30
2002-11-01,Garanhuns,18.6,27.8,17.69,21.89,151.56,22,30
2002-11-01,Petrolina,7.1,35.18,23.0,29.04,240.2,29,30
2002-11-01,Recife,25.3,29.32,23.98,26.24,144.29,20,30
2002-11-01,Salgueiro,0.9,35.53,23.25,29.31,241.11,30,30
2002-11-01,Serra Talhada,0.7,35.14,22.47,28.78,229.65,30,30
2002-12-01,Caruaru,11.2,30.58,20.95,24.91,158.49,25,31
2002-12-01,Garanhuns,13.2,29.35,18.77,23.28,162.9,26,31
2002-12-01,Petrolina,100.2,33.28,23.28,28.09,186.46,23,31
2002-12-01,Recife,35.3,30.04,24.65,26.95,152.28,16,31
2002-12-01,Salgueiro,35.6,34.96,23.94,29.22,210.12,23,31
2002-12-01,Serra Talhada,25.1,34.75,23.28,28.95,207.56,28,31
2003-01-01,Caruaru,36.3,30.99,21.06,25.16,160.22,20,31
2003-01-01,Garanhuns,53.9,29.68,19.02,23.63,165.03,18,31
2003-01-01,Petrolina,98.4,32.77,23.68,27.84,171.76,16,31
2003-01-01,Recife,68.6,30.48,24.65,27.14,147.12,15,31
2003-01-01,Salgueiro,83.2,33.64,23.6,28.5,183.43,20,31
2003-01-01,Serra Talhada,78.2,33.45,23.41,28.38,182.69,20,31
2003-02-01,Caruaru,44.7,29.23,20.99,24.3,129.59,14,28
2003-02-01,Garanhuns,36.1,27.24,18.95,22.28,124.77,15,28
2003-02-01,Petrolina,35.8,32.83,22.9,27.54,174.22,22,28
2003-02-01,Recife,56.6,29.61,24.63,26.8,127.04,8,28
2003-02-01,Salgueiro,91.9,31.74,22.53,26.57,141.95,15,28
2003-02-01,Serra Talhada,71.7,31.51,22.32,26.49,142.89,16,28
2003-03-01,Caruaru,84.3,28.91,21.24,24.21,130.8,13,31
2003-03-01,Garanhuns,66.6,27.24,19.09,22.36,131.19,16,31
2003-03-01,Petrolina,137.8,32.58,23.27,27.72,184.42,24,31
2003-03-01,Recife,131.5,29.57,24.55,26.68,127.23,9,31
2003-03-01,Salgueiro,120.6,31.71,22.65,26.79,157.22,18,31
2003-03-01,Serra Talhada,117.4,31.77,22.66,26.91,158.73,19,31
2003-04-01,Caruaru,30.0,28.96,20.94,24.21,128.26,21,30
2003-04-01,Garanhuns,18.7,27.45,18.83,22.43,127.22,25,30
2003-04-01,Petrolina,5.6,33.19,23.1,28.02,185.88,27,30
2003-04-01,Recife,67.8,29.22,24.36,26.55,119.62,10,30
2003-04-01,Salgueiro,11.4,32.37,22.64,27.29,166.92,25,30
2003-04-01,Serra Talhada,11.6,32.8,22.51,27.43,168.74,26,30
2003-05-01,Caruaru,21.5,28.2,20.55,23.59,116.76,25,31
2003-05-01,Garanhuns,27.4,26.62,18.48,21.72,114.13,19,31
2003-05-01,Petrolina,20.6,31.14,22.09,26.25,153.27,28,31
2003-05-01,Recife,69.4,28.57,23.96,26.02,111.05,10,31
2003-05-01,Salgueiro,63.7,30.69,21.67,25.8,144.66,27,31
2003-05-01,Serra Talhada,35.0,31.5,21.77,26.17,152.45,22,31
2003-06-01,Caruaru,112.6,25.04,19.14,21.55,82.92,19,30
2003-06-01,Garanhuns,75.7,23.22,17.15,19.63,81.22,17,30
2003-06-01,Petrolina,0.6,30.43,20.54,25.14,158.08,30,30
2003-06-01,Recife,179.3,26.72,23.02,24.67,86.04,8,30
2003-06-01,Salgueiro,1.0,29.93,20.43,24.9,141.95,30,30
2003-06-01,Serra Talhada,8.0,29.85,20.18,24.64,139.24,29,30
2003-07-01,Caruaru,28.2,24.55,18.34,20.83,92.97,22,31
2003-07-01,Garanhuns,33.2,22.34,16.31,18.75,84.22,17,31
2003-07-01,Petrolina,1.3,28.75,19.3,23.78,151.6,31,31
2003-07-01,Recife,65.3,26.57,22.45,24.27,106.9,9,31
2003-07-01,Salgueiro,2.9,29.25,19.28,23.92,150.63,30,31
2003-07-01,Serra Talhada,0.7,29.72,19.38,24.07,155.99,31,31
2003-08-01,Caruaru,22.5,25.68,18.38,21.4,109.67,20,31
2003-08-01,Garanhuns,31.9,23.58,16.25,19.28,99.22,17,31
2003-08-01,Petrolina,0.3,31.42,20.14,25.47,190.99,31,31
2003-08-01,Recife,42.2,27.44,22.63,24.71,123.36,15,31
2003-08-01,Salgueiro,0.6,31.76,20.04,25.47,187.38,31,31
2003-08-01,Serra Talhada,0.4,31.65,19.83,25.34,183.97,31,31
2003-09-01,Caruaru,26.6,26.82,18.84,22.05,122.71,21,30
2003-09-01,Garanhuns,45.4,24.67,16.74,19.96,117.24,17,30
2003-09-01,Petrolina,0.3,32.63,20.51,26.46,211.64,30,30
2003-09-01,Recife,39.3,28.03,22.96,25.12,132.36,16,30
2003-09-01,Salgueiro,1.1,32.86,20.68,26.51,205.34,30,30
2003-09-01,Serra Talhada,1.3,32.82,20.27,26.22,200.05,30,30
2003-10-01,Caruaru,20.7,28.1,19.59,23.09,143.75,21,31
2003-10-01,Garanhuns,21.2,26.43,17.44,21.03,140.45,22,31
2003-10-01,Petrolina,0.1,34.13,21.54,27.73,246.25,31,31
2003-10-01,Recife,39.4,29.0,23.64,25.98,151.16,14,31
2003-10-01,Salgueiro,0.5,34.37,21.82,27.78,234.71,31,31
2003-10-01,Serra Talhada,0.4,34.23,21.35,27.51,232.04,31,31
2003-11-01,Caruaru,6.2,29.94,20.27,24.29,154.55,28,30
2003-11-01,Garanhuns,15.1,28.15,18.01,22.25,153.08,25,30
2003-11-01,Petrolina,19.4,33.71,22.33,27.91,207.83,27,30
2003-11-01,Recife,20.1,30.23,24.47,26.91,157.81,21,30
2003-11-01,Salgueiro,4.5,35.19,23.43,29.01,221.87,28,30
2003-11-01,Serra Talhada,16.2,34.85,22.76,28.73,215.54,28,30
2003-12-01,Caruaru,16.1,30.18,20.81,24.66,157.82,23,31
2003-12-01,Garanhuns,14.6,28.93,18.62,22.85,162.19,24,31
2003-12-01,Petrolina,8.1,35.34,24.13,29.92,236.09,29,31
2003-12-01,Recife,25.8,29.92,24.82,27.05,150.45,20,31
2003-12-01,Salgueiro,5.9,35.74,24.7,30.22,227.5,29,31
2003-12-01,Serra Talhada,1.8,35.5,23.83,29.79,223.98,31,31
2004-01-01,Caruaru,273.7,28.12,20.92,23.67,109.24,6,31
2004-01-01,Garanhuns,261.9,26.47,18.98,21.92,112.77,10,31
2004-01-01,Petrolina,361.5,30.31,22.69,26.1,139.06,10,31
2004-01-01,Recife,184.9,29.13,24.35,26.38,115.1,5,31
2004-01-01,Salgueiro,338.4,31.02,22.91,26.4,137.37,10,31
2004-01-01,Serra Talhada,279.6,30.64,22.66,26.24,136.85,11,31
2004-02-01,Caruaru,67.1,28.09,20.83,23.71,121.4,15,29
2004-02-01,Garanhuns,82.2,26.08,18.69,21.63,120.92,14,29
2004-02-01,Petrolina,125.5,29.71,21.63,25.22,137.58,15,29
2004-02-01,Recife,95.3,28.71,24.27,26.23,115.53,8,29
2004-02-01,Salgueiro,108.8,29.87,21.76,25.3,133.37,10,29
2004-02-01,Serra Talhada,108.2,29.82,21.67,25.24,135.83,14,29
2004-03-01,Caruaru,27.8,28.66,20.79,24.04,141.51,19,31
2004-03-01,Garanhuns,27.7,26.75,18.74,22.02,137.98,21,31
2004-03-01,Petrolina,46.7,30.77,21.86,26.06,159.67,22,31
2004-03-01,Recife,53.2,29.48,24.67,26.82,141.15,15,31
2004-03-01,Salgueiro,60.5,31.35,21.94,26.27,165.29,25,31
2004-03-01,Serra Talhada,25.6,31.98,21.99,26.8,172.26,25,31
2004-04-01,Caruaru,49.5,27.94,20.79,23.7,115.26,13,30
2004-04-01,Garanhuns,29.3,26.21,18.71,21.76,113.58,16,30
2004-04-01,Petrolina,8.1,32.5,22.75,27.46,176.81,26,30
2004-04-01,Recife,101.4,29.16,24.34,26.48,119.7,8,30
2004-04-01,Salgueiro,6.0,32.64,23.05,27.69,168.68,28,30
2004-04-01,Serra Talhada,11.8,33.0,22.85,27.77,171.9,25,30
2004-05-01,Caruaru,53.9,26.41,20.25,22.74,95.04,14,31
2004-05-01,Garanhuns,45.8,24.78,18.15,20.84,96.19,14,31
2004-05-01,Petrolina,4.1,31.2,21.54,26.02,161.96,29,31
2004-05-01,Recife,98.0,27.75,23.74,25.52,97.23,7,31
2004-05-01,Salgueiro,34.5,31.1,21.87,26.22,155.29,26,31
2004-05-01,Serra Talhada,14.2,31.24,21.84,26.31,152.24,26,31
2004-06-01,Caruaru,167.0,24.3,19.5,21.28,70.99,8,30
2004-06-01,Garanhuns,135.5,22.12,17.48,19.19,66.25,7,30
2004-06-01,Petrolina,4.0,29.67,20.69,24.97,154.47,29,30
2004-06-01,Recife,336.9,26.58,22.91,24.43,79.44,2,30
2004-06-01,Salgueiro,16.0,28.53,20.26,23.87,117.68,24,30
2004-06-01,Serra Talhada,21.7,28.12,20.08,23.52,111.19,25,30
2004-07-01,Caruaru,38.8,23.89,18.39,20.58,75.89,19,31
2004-07-01,Garanhuns,80.4,21.49,16.26,18.38,68.12,7,31
2004-07-01,Petrolina,0.7,28.84,19.67,23.96,155.39,31,31
2004-07-01,Recife,161.9,26.13,22.22,23.92,87.65,7,31
2004-07-01,Salgueiro,6.3,28.28,19.6,23.51,132.59,29,31
2004-07-01,Serra Talhada,13.5,28.18,19.51,23.24,128.14,27,31
2004-08-01,Caruaru,22.4,25.16,18.26,21.07,102.72,23,31
2004-08-01,Garanhuns,56.1,22.65,16.21,18.81,92.0,11,31
2004-08-01,Petrolina,1.0,30.26,19.59,24.66,177.54,31,31
2004-08-01,Recife,70.8,26.55,22.21,24.05,107.97,11,31
2004-08-01,Salgueiro,3.8,30.16,19.69,24.39,166.31,30,31
2004-08-01,Serra Talhada,6.6,29.93,19.49,24.05,161.03,27,31
2004-09-01,Caruaru,18.3,25.89,18.63,21.53,115.37,21,30
2004-09-01,Garanhuns,40.6,23.52,16.38,19.24,105.22,15,30
2004-09-01,Petrolina,0.8,32.37,19.92,25.96,218.25,30,30
2004-09-01,Recife,56.2,26.91,22.5,24.42,121.29,9,30
2004-09-01,Salgueiro,1.9,32.06,19.92,25.42,198.97,30,30
2004-09-01,Serra Talhada,1.6,32.3,19.83,25.38,202.07,30,30
2004-10-01,Caruaru,9.8,28.25,19.36,23.06,142.49,26,31
2004-10-01,Garanhuns,6.9,26.58,17.12,21.08,143.6,27,31
2004-10-01,Petrolina,2.9,34.62,22.09,28.35,242.37,30,31
2004-10-01,Recife,28.1,28.65,23.53,25.73,144.55,17,31
2004-10-01,Salgueiro,0.0,34.88,22.46,28.58,240.03,31,31
2004-10-01,Serra Talhada,0.0,34.8,21.66,28.18,234.93,31,31
2004-11-01,Caruaru,5.3,29.73,19.83,24.03,158.57,29,30
2004-11-01,Garanhuns,5.1,28.18,17.62,22.17,158.42,27,30
2004-11-01,Petrolina,47.6,34.1,22.64,28.26,219.93,28,30
2004-11-01,Recife,15.5,29.75,24.14,26.54,153.43,24,30
2004-11-01,Salgueiro,8.1,34.96,22.89,28.85,228.39,29,30
2004-11-01,Serra Talhada,5.3,34.91,22.23,28.64,224.5,28,30
2004-12-01,Caruaru,10.3,30.39,20.38,24.6,164.91,27,31
2004-12-01,Garanhuns,5.3,28.99,18.06,22.79,169.66,30,31
2004-12-01,Petrolina,16.3,34.69,23.69,29.27,229.64,29,31
2004-12-01,Recife,19.5,30.13,24.6,26.97,161.29,22,31
2004-12-01,Salgueiro,13.4,35.22,24.33,29.74,223.67,27,31
2004-12-01,Serra Talhada,26.1,34.98,23.28,29.3,222.61,29,31
2005-01-01,Caruaru,16.6,30.93,21.04,25.21,165.82,25,31
2005-01-01,Garanhuns,8.7,29.78,18.88,23.63,173.76,28,31
2005-01-01,Petrolina,106.7,32.48,23.21,27.38,179.18,17,31
2005-01-01,Recife,22.0,30.85,25.17,27.57,160.68,21,31
2005-01-01,Salgueiro,61.7,33.38,23.61,28.05,179.42,20,31
2005-01-01,Serra Talhada,46.5,33.42,23.3,28.15,185.13,23,31
2005-02-01,Caruaru,35.9,30.21,21.56,25.12,138.13,17,28
2005-02-01,Garanhuns,36.0,28.75,19.38,23.29,138.19,17,28
2005-02-01,Petrolina,130.7,31.34,22.64,26.61,147.66,19,28
2005-02-01,Recife,40.7,30.71,25.31,27.66,138.63,12,28
2005-02-01,Salgueiro,80.0,32.91,23.05,27.72,161.45,18,28
2005-02-01,Serra Talhada,67.4,33.02,22.97,27.81,163.39,22,28
2005-03-01,Caruaru,59.0,30.06,21.49,25.02,144.52,20,31
2005-03-01,Garanhuns,111.0,28.51,19.29,23.18,145.22,17,31
2005-03-01,Petrolina,89.0,31.19,22.78,26.68,157.63,19,31
2005-03-01,Recife,65.7,30.84,25.33,27.72,147.93,15,31
2005-03-01,Salgueiro,96.1,32.59,23.66,27.83,163.73,16,31
2005-03-01,Serra Talhada,97.4,32.69,23.46,27.92,167.67,18,31
2005-04-01,Caruaru,22.9,28.88,21.22,24.34,126.64,21,30
2005-04-01,Garanhuns,30.0,26.16,18.93,21.95,114.16,16,30
2005-04-01,Petrolina,18.3,31.35,22.23,26.31,154.1,26,30
2005-04-01,Recife,43.9,30.01,25.08,27.24,130.49,8,30
2005-04-01,Salgueiro,16.7,32.14,22.24,26.74,161.34,27,30
2005-04-01,Serra Talhada,11.3,32.09,22.1,26.67,159.41,27,30
2005-05-01,Caruaru,92.6,26.72,20.84,22.97,95.95,10,31
2005-05-01,Garanhuns,87.7,24.38,18.83,20.81,85.96,7,31
2005-05-01,Petrolina,22.4,29.49,21.63,25.13,133.23,28,31
2005-05-01,Recife,196.5,28.22,23.88,25.73,98.85,2,31
2005-05-01,Salgueiro,30.6,29.73,21.71,25.16,123.21,23,31
2005-05-01,Serra Talhada,98.0,29.05,21.44,24.74,116.52,22,31
2005-06-01,Caruaru,69.8,24.98,19.83,21.77,75.66,10,30
2005-06-01,Garanhuns,87.8,22.94,17.9,19.75,72.22,8,30
2005-06-01,Petrolina,1.9,29.6,20.9,24.67,139.35,30,30
2005-06-01,Recife,163.3,26.92,23.11,24.79,79.48,1,30
2005-06-01,Salgueiro,11.1,29.32,20.8,24.5,123.57,26,30
2005-06-01,Serra Talhada,18.7,28.56,20.49,24.02,113.62,23,30
2005-07-01,Caruaru,28.4,24.74,18.5,20.96,96.22,21,31
2005-07-01,Garanhuns,50.1,22.13,16.46,18.69,79.97,15,31
2005-07-01,Petrolina,1.7,28.54,19.39,23.48,148.18,30,31
2005-07-01,Recife,55.3,26.81,22.55,24.37,110.15,13,31
2005-07-01,Salgueiro,4.9,28.58,19.36,23.35,138.9,30,31
2005-07-01,Serra Talhada,3.2,28.61,19.2,23.22,138.41,30,31
2005-08-01,Caruaru,38.3,24.61,18.37,20.81,96.9,17,31
2005-08-01,Garanhuns,54.4,22.35,16.17,18.66,88.73,11,31
2005-08-01,Petrolina,1.1,29.83,19.3,24.23,174.48,31,31
2005-08-01,Recife,80.9,26.3,22.11,23.94,105.26,7,31
2005-08-01,Salgueiro,1.3,29.48,19.27,23.84,156.13,31,31
2005-08-01,Serra Talhada,2.2,29.39,19.04,23.69,153.26,31,31
2005-09-01,Caruaru,20.1,26.78,18.88,22.05,122.66,22,30
2005-09-01,Garanhuns,30.8,24.71,16.57,19.9,116.12,18,30
2005-09-01,Petrolina,0.0,33.41,20.66,26.85,222.65,30,30
2005-09-01,Recife,36.5,27.77,22.86,25.01,130.58,17,30
2005-09-01,Salgueiro,0.7,33.29,20.56,26.58,212.79,30,30
2005-09-01,Serra Talhada,0.3,32.91,20.16,26.23,204.2,30,30
2005-10-01,Caruaru,14.7,28.55,19.4,23.11,152.91,25,31
2005-10-01,Garanhuns,14.4,26.7,17.11,21.06,146.48,26,31
2005-10-01,Petrolina,0.1,34.9,21.95,28.47,252.04,31,31
2005-10-01,Recife,25.7,29.04,23.6,25.97,154.72,20,31
2005-10-01,Salgueiro,0.0,35.03,21.68,28.29,249.53,31,31
2005-10-01,Serra Talhada,0.0,34.6,21.07,27.86,238.71,31,31
2005-11-01,Caruaru,5.8,30.3,20.17,24.36,164.2,28,30
2005-11-01,Garanhuns,2.6,28.61,17.79,22.39,161.68,30,30
2005-11-01,Petrolina,36.3,34.82,23.03,28.94,227.77,28,30
2005-11-01,Recife,17.8,29.98,24.39,26.78,157.21,20,30
2005-11-01,Salgueiro,0.6,35.96,23.97,30.03,238.6,30,30
2005-11-01,Serra Talhada,0.0,35.5,22.75,29.32,230.35,30,30
2005-12-01,Caruaru,35.7,29.07,20.4,24.0,148.45,21,31
2005-12-01,Garanhuns,85.1,26.87,17.95,21.78,143.18,21,31
2005-12-01,Petrolina,49.5,32.7,22.48,27.25,195.57,25,31
2005-12-01,Recife,21.9,30.16,24.72,27.08,156.35,22,31
2005-12-01,Salgueiro,79.8,32.88,22.55,27.45,194.3,26,31
2005-12-01,Serra Talhada,75.3,32.34,21.9,27.07,188.95,27,31
2006-01-01,Caruaru,17.2,29.13,20.48,24.01,149.76,23,31
2006-01-01,Garanhuns,12.8,27.45,18.17,21.98,148.47,25,31
2006-01-01,Petrolina,0.1,35.04,22.91,29.15,254.1,31,31
2006-01-01,Recife,32.0,29.84,24.53,26.78,156.97,17,31
2006-01-01,Salgueiro,0.5,34.69,23.13,28.84,233.1,31,31
2006-01-01,Serra Talhada,0.3,34.36,22.41,28.42,225.8,31,31
2006-02-01,Caruaru,37.2,30.16,21.27,24.99,137.34,18,28
2006-02-01,Garanhuns,45.9,28.49,19.26,23.18,135.84,19,28
2006-02-01,Petrolina,123.4,31.88,22.98,27.06,150.77,10,28
2006-02-01,Recife,34.7,30.71,25.04,27.48,137.83,16,28
2006-02-01,Salgueiro,135.3,31.01,22.79,26.44,130.8,10,28
2006-02-01,Serra Talhada,135.5,31.26,23.15,26.84,133.76,17,28
2006-03-01,Caruaru,38.0,29.98,21.49,24.96,148.26,20,31
2006-03-01,Garanhuns,50.5,28.48,19.5,23.21,146.8,18,31
2006-03-01,Petrolina,110.9,30.16,22.41,25.74,134.33,11,31
2006-03-01,Recife,56.2,30.51,24.84,27.35,144.65,14,31
2006-03-01,Salgueiro,134.1,30.28,22.3,25.64,133.41,13,31
2006-03-01,Serra Talhada,102.0,30.31,22.39,25.83,138.17,12,31
2006-04-01,Caruaru,80.6,28.21,21.38,23.99,112.8,12,30
2006-04-01,Garanhuns,70.3,26.35,19.38,22.07,108.54,12,30
2006-04-01,Petrolina,53.0,29.73,22.19,25.49,124.46,19,30
2006-04-01,Recife,144.1,29.1,24.26,26.39,108.99,5,30
2006-04-01,Salgueiro,98.5,29.21,21.99,25.01,112.47,7,30
2006-04-01,Serra Talhada,111.1,29.57,21.96,25.24,118.17,10,30
2006-05-01,Caruaru,53.5,26.46,20.48,22.79,95.96,10,31
2006-05-01,Garanhuns,71.7,24.48,18.49,20.76,88.57,7,31
2006-05-01,Petrolina,3.7,30.43,21.56,25.67,151.83,30,31
2006-05-01,Recife,194.0,27.69,23.67,25.46,96.29,2,31
2006-05-01,Salgueiro,51.6,28.96,21.32,24.62,115.63,24,31
2006-05-01,Serra Talhada,52.6,28.99,21.17,24.53,116.37,25,31
2006-06-01,Caruaru,40.8,25.06,19.34,21.52,84.48,14,30
2006-06-01,Garanhuns,97.9,22.45,17.41,19.29,71.38,7,30
2006-06-01,Petrolina,4.7,28.18,20.17,23.69,128.47,29,30
2006-06-01,Recife,113.2,26.81,23.03,24.7,90.07,2,30
2006-06-01,Salgueiro,17.9,27.45,20.1,23.23,104.93,28,30
2006-06-01,Serra Talhada,19.0,27.68,19.9,23.1,106.41,25,30
2006-07-01,Caruaru,31.9,24.74,18.61,21.05,86.59,22,31
2006-07-01,Garanhuns,76.9,21.97,16.47,18.69,74.22,11,31
2006-07-01,Petrolina,2.8,28.05,18.86,23.11,141.8,31,31
2006-07-01,Recife,74.6,26.58,22.52,24.3,100.48,11,31
2006-07-01,Salgueiro,5.5,27.63,19.1,22.81,119.14,29,31
2006-07-01,Serra Talhada,18.3,27.4,18.94,22.55,113.68,28,31
2006-08-01,Caruaru,22.9,25.35,18.46,21.18,106.15,21,31
2006-08-01,Garanhuns,35.6,23.0,16.35,18.99,98.77,17,31
2006-08-01,Petrolina,1.9,30.19,19.07,24.27,179.4,30,31
2006-08-01,Recife,56.2,26.75,22.41,24.34,115.46,11,31
2006-08-01,Salgueiro,1.0,30.07,19.2,24.1,170.61,31,31
2006-08-01,Serra Talhada,1.1,30.23,19.15,24.09,170.22,31,31
2006-09-01,Caruaru,11.7,27.46,18.76,22.3,131.68,28,30
2006-09-01,Garanhuns,24.2,25.38,16.6,20.15,127.99,23,30
2006-09-01,Petrolina,1.7,32.14,20.37,26.02,198.71,29,30
2006-09-01,Recife,37.2,27.76,22.89,24.99,129.59,17,30
2006-09-01,Salgueiro,1.6,32.46,20.38,25.97,197.09,30,30
2006-09-01,Serra Talhada,2.7,32.65,20.15,26.02,194.46,29,30
2006-10-01,Caruaru,8.6,29.23,19.71,23.68,152.28,28,31
2006-10-01,Garanhuns,6.1,27.41,17.51,21.65,149.36,29,31
2006-10-01,Petrolina,40.5,33.26,21.99,27.34,203.17,27,31
2006-10-01,Recife,21.9,29.64,23.95,26.35,157.11,21,31
2006-10-01,Salgueiro,2.1,34.4,22.5,28.14,220.57,31,31
2006-10-01,Serra Talhada,2.7,34.39,21.97,28.13,219.31,30,31
2006-11-01,Caruaru,14.6,29.91,20.16,24.25,155.27,25,30
2006-11-01,Garanhuns,17.1,28.45,18.01,22.51,157.57,25,30
2006-11-01,Petrolina,33.2,32.15,21.92,26.71,178.94,24,30
2006-11-01,Recife,31.4,29.8,24.14,26.56,147.94,17,30
2006-11-01,Salgueiro,9.8,34.69,23.31,28.81,212.69,29,30
2006-11-01,Serra Talhada,6.4,34.6,22.83,28.74,210.54,29,30
2006-12-01,Caruaru,19.1,30.15,20.64,24.66,158.59,25,31
2006-12-01,Garanhuns,9.9,28.98,18.43,22.97,164.28,28,31
2006-12-01,Petrolina,12.9,34.49,23.72,29.13,219.57,29,31
2006-12-01,Recife,26.2,30.16,24.57,27.02,151.59,21,31
2006-12-01,Salgueiro,3.9,35.28,24.47,29.87,225.25,30,31
2006-12-01,Serra Talhada,4.9,35.19,23.83,29.64,222.06,30,31
2007-01-01,Caruaru,19.3,30.66,21.0,24.98,162.84,24,31
2007-01-01,Garanhuns,21.0,29.22,18.8,23.15,164.44,23,31
2007-01-01,Petrolina,20.6,35.1,24.02,29.59,227.06,29,31
2007-01-01,Recife,34.3,30.49,24.92,27.3,155.09,19,31
2007-01-01,Salgueiro,15.2,35.76,24.57,30.1,218.95,30,31
2007-01-01,Serra Talhada,16.3,35.13,23.59,29.4,211.32,27,31
2007-02-01,Caruaru,120.5,29.82,21.27,24.62,129.94,10,28
2007-02-01,Garanhuns,165.6,28.0,19.13,22.6,123.72,10,28
2007-02-01,Petrolina,184.4,30.44,22.7,25.97,128.78,11,28
2007-02-01,Recife,92.9,30.18,24.82,27.11,126.95,8,28
2007-02-01,Salgueiro,250.9,30.95,22.54,26.25,131.75,8,28
2007-02-01,Serra Talhada,312.3,31.34,22.84,26.59,138.75,12,28
2007-03-01,Caruaru,47.9,28.08,20.88,23.76,132.68,14,31
2007-03-01,Garanhuns,70.0,25.41,18.71,21.38,117.15,10,31
2007-03-01,Petrolina,5.7,31.65,22.02,26.47,180.03,29,31
2007-03-01,Recife,62.4,29.36,24.4,26.59,137.33,10,31
2007-03-01,Salgueiro,117.5,30.01,21.38,25.19,147.8,21,31
2007-03-01,Serra Talhada,24.3,30.16,21.09,25.12,151.29,22,31
2007-04-01,Caruaru,55.6,28.24,20.73,23.74,120.62,16,30
2007-04-01,Garanhuns,55.0,26.16,18.67,21.57,113.83,14,30
2007-04-01,Petrolina,4.9,32.47,22.46,27.26,176.89,28,30
2007-04-01,Recife,113.4,29.12,24.48,26.42,116.62,10,30
2007-04-01,Salgueiro,41.6,31.74,22.25,26.63,156.2,21,30
2007-04-01,Serra Talhada,20.5,31.85,22.17,26.68,158.05,25,30
2007-05-01,Caruaru,32.3,26.93,20.2,22.85,104.47,23,31
2007-05-01,Garanhuns,54.1,24.48,18.05,20.56,95.01,17,31
2007-05-01,Petrolina,3.4,30.41,21.3,25.42,147.06,31,31
2007-05-01,Recife,69.0,28.09,23.68,25.66,106.42,10,31
2007-05-01,Salgueiro,16.9,29.96,21.01,25.04,138.03,27,31
2007-05-01,Serra Talhada,16.9,30.05,20.69,24.86,138.58,24,31
2007-06-01,Caruaru,33.8,24.98,19.26,21.5,83.3,17,30
2007-06-01,Garanhuns,70.3,22.67,17.28,19.39,77.21,11,30
2007-06-01,Petrolina,1.8,29.12,20.1,24.21,143.59,29,30
2007-06-01,Recife,135.9,26.65,22.83,24.49,87.72,4,30
2007-06-01,Salgueiro,4.5,28.88,20.14,24.01,129.05,29,30
2007-06-01,Serra Talhada,6.9,28.89,20.1,23.92,127.57,28,30
2007-07-01,Caruaru,28.0,24.74,18.42,21.01,92.27,16,31
2007-07-01,Garanhuns,55.6,22.38,16.32,18.76,82.82,9,31
2007-07-01,Petrolina,1.1,29.05,19.45,23.96,152.72,31,31
2007-07-01,Recife,67.1,26.45,22.24,24.09,97.73,7,31
2007-07-01,Salgueiro,0.6,29.51,19.45,24.04,149.27,31,31
2007-07-01,Serra Talhada,1.1,29.48,19.18,23.82,144.79,31,31
2007-08-01,Caruaru,27.5,24.39,18.24,20.6,97.93,20,31
2007-08-01,Garanhuns,76.0,21.85,16.19,18.33,86.83,9,31
2007-08-01,Petrolina,0.5,28.9,18.92,23.58,173.67,31,31
2007-08-01,Recife,81.6,26.18,22.05,23.83,109.48,8,31
2007-08-01,Salgueiro,2.9,28.74,18.79,23.2,152.64,31,31
2007-08-01,Serra Talhada,5.7,28.61,18.8,23.07,148.1,30,31
2007-09-01,Caruaru,25.4,25.41,18.29,21.09,111.36,21,30
2007-09-01,Garanhuns,52.4,22.86,16.11,18.79,99.25,14,30
2007-09-01,Petrolina,0.7,31.06,19.39,25.01,199.19,30,30
2007-09-01,Recife,61.6,26.48,22.25,24.09,119.35,11,30
2007-09-01,Salgueiro,1.5,31.02,19.37,24.62,187.66,30,30
2007-09-01,Serra Talhada,1.1,31.1,19.13,24.43,186.84,30,30
2007-10-01,Caruaru,13.6,27.78,18.89,22.52,143.39,26,31
2007-10-01,Garanhuns,21.3,25.54,16.77,20.3,135.08,22,31
2007-10-01,Petrolina,0.0,33.86,21.1,27.47,239.57,31,31
2007-10-01,Recife,22.6,28.41,23.23,25.41,147.92,24,31
2007-10-01,Salgueiro,0.0,33.98,21.15,27.27,232.42,31,31
2007-10-01,Serra Talhada,0.0,33.95,20.59,27.06,228.66,31,31
2007-11-01,Caruaru,5.5,29.72,19.75,23.79,153.96,28,30
2007-11-01,Garanhuns,7.5,28.13,17.53,21.9,157.68,28,30
2007-11-01,Petrolina,19.8,34.38,22.58,28.51,221.06,24,30
2007-11-01,Recife,22.1,29.38,23.89,26.24,149.1,21,30
2007-11-01,Salgueiro,3.0,35.15,23.14,29.06,226.09,29,30
2007-11-01,Serra Talhada,1.2,35.0,22.34,28.81,221.23,30,30
2007-12-01,Caruaru,18.8,29.31,20.25,23.96,151.31,24,31
2007-12-01,Garanhuns,12.5,28.11,18.11,22.24,156.89,27,31
2007-12-01,Petrolina,29.2,33.49,22.72,27.95,210.66,27,31
2007-12-01,Recife,40.4,29.47,24.13,26.48,150.02,17,31
2007-12-01,Salgueiro,1.7,34.6,23.58,28.95,221.84,31,31
2007-12-01,Serra Talhada,0.7,34.15,22.78,28.5,215.48,31,31
2008-01-01,Caruaru,40.2,29.12,20.61,24.04,145.02,18,31
2008-01-01,Garanhuns,32.5,27.44,18.47,22.16,144.18,18,31
2008-01-01,Petrolina,84.2,34.2,23.45,28.79,220.64,27,31
2008-01-01,Recife,47.2,29.71,24.41,26.69,145.93,15,31
2008-01-01,Salgueiro,81.1,33.39,23.45,28.14,193.66,22,31
2008-01-01,Serra Talhada,60.2,33.3,23.12,27.91,192.9,20,31
2008-02-01,Caruaru,29.3,30.58,20.82,24.84,155.22,22,29
2008-02-01,Garanhuns,49.1,28.91,18.62,22.92,151.93,20,29
2008-02-01,Petrolina,93.9,31.57,22.54,26.78,162.53,22,29
2008-02-01,Recife,19.9,31.09,25.03,27.64,156.16,18,29
2008-02-01,Salgueiro,158.3,31.04,22.01,26.18,150.58,21,29
2008-02-01,Serra Talhada,212.8,30.84,21.65,26.03,148.54,23,29
2008-03-01,Caruaru,192.5,28.79,21.1,24.0,126.44,8,31
2008-03-01,Garanhuns,148.1,26.72,19.06,21.99,122.11,9,31
2008-03-01,Petrolina,176.2,29.81,22.09,25.42,131.92,10,31
2008-03-01,Recife,166.8,29.78,24.35,26.66,129.51,10,31
2008-03-01,Salgueiro,276.1,28.81,21.73,24.63,112.26,7,31
2008-03-01,Serra Talhada,486.1,28.49,21.57,24.49,117.09,7,31
2008-04-01,Caruaru,83.1,27.68,20.48,23.41,112.32,14,30
2008-04-01,Garanhuns,50.9,25.84,18.49,21.51,111.46,14,30
2008-04-01,Petrolina,83.5,29.3,21.74,25.14,122.17,17,30
2008-04-01,Recife,109.4,28.79,23.87,26.07,113.34,11,30
2008-04-01,Salgueiro,261.7,29.07,21.23,24.64,115.5,17,30
2008-04-01,Serra Talhada,237.9,28.47,20.88,24.38,112.79,14,30
2008-05-01,Caruaru,72.7,26.14,20.52,22.61,92.57,8,31
2008-05-01,Garanhuns,97.0,24.01,18.5,20.52,83.86,7,31
2008-05-01,Petrolina,3.2,29.85,21.55,25.45,144.02,31,31
2008-05-01,Recife,137.7,27.92,23.62,25.47,101.02,5,31
2008-05-01,Salgueiro,27.2,28.38,21.1,24.3,113.19,22,31
2008-05-01,Serra Talhada,66.0,27.62,20.72,23.67,104.27,20,31
2008-06-01,Caruaru,31.1,24.66,18.76,21.17,82.89,17,30
2008-06-01,Garanhuns,67.1,22.18,16.66,18.93,72.91,9,30
2008-06-01,Petrolina,3.8,29.13,20.06,24.26,146.86,29,30
2008-06-01,Recife,103.3,26.86,22.82,24.6,96.39,7,30
2008-06-01,Salgueiro,4.1,27.99,19.32,23.29,120.98,29,30
2008-06-01,Serra Talhada,5.3,27.32,19.0,22.67,110.59,29,30
2008-07-01,Caruaru,63.4,23.66,18.3,20.34,79.11,18,31
2008-07-01,Garanhuns,73.0,21.2,16.11,18.13,70.77,11,31
2008-07-01,Petrolina,1.2,27.93,18.95,23.12,148.56,31,31
2008-07-01,Recife,176.6,25.82,22.34,23.79,90.85,5,31
2008-07-01,Salgueiro,9.9,26.98,18.98,22.51,122.89,28,31
2008-07-01,Serra Talhada,9.9,26.65,18.65,22.07,113.95,28,31
2008-08-01,Caruaru,43.6,24.38,18.23,20.69,91.94,19,31
2008-08-01,Garanhuns,64.6,22.02,16.24,18.54,83.31,12,31
2008-08-01,Petrolina,0.4,29.88,19.56,24.54,174.69,31,31
2008-08-01,Recife,121.8,26.28,22.12,23.9,103.51,8,31
2008-08-01,Salgueiro,9.2,28.69,19.23,23.53,147.05,30,31
2008-08-01,Serra Talhada,9.0,28.4,19.0,23.18,141.31,28,31
2008-09-01,Caruaru,16.2,26.86,19.02,22.16,124.57,25,30
2008-09-01,Garanhuns,24.4,24.5,16.78,19.9,113.23,22,30
2008-09-01,Petrolina,0.1,33.21,20.5,26.63,219.82,30,30
2008-09-01,Recife,32.8,27.61,23.07,24.98,127.15,17,30
2008-09-01,Salgueiro,0.5,32.5,20.21,26.03,203.08,30,30
2008-09-01,Serra Talhada,1.0,32.46,19.85,25.77,196.88,30,30
2008-10-01,Caruaru,12.3,27.99,19.65,22.95,142.32,26,31
2008-10-01,Garanhuns,30.8,25.98,17.4,20.84,139.38,18,31
2008-10-01,Petrolina,0.6,34.23,21.61,27.8,244.8,31,31
2008-10-01,Recife,32.7,28.54,23.65,25.71,145.65,15,31
2008-10-01,Salgueiro,0.5,34.04,21.42,27.42,233.22,31,31
2008-10-01,Serra Talhada,0.1,33.92,20.98,27.09,223.91,31,31
2008-11-01,Caruaru,2.3,30.27,20.01,24.25,161.79,29,30
2008-11-01,Garanhuns,4.0,28.61,17.61,22.32,163.82,28,30
2008-11-01,Petrolina,0.4,35.48,23.52,29.71,238.33,30,30
2008-11-01,Recife,10.5,29.88,24.37,26.73,154.19,26,30
2008-11-01,Salgueiro,0.0,35.78,23.82,29.91,234.73,30,30
2008-11-01,Serra Talhada,0.0,35.08,22.38,29.02,219.83,30,30
2008-12-01,Caruaru,13.4,30.63,20.57,24.73,165.59,24,31
2008-12-01,Garanhuns,19.6,29.12,18.32,22.92,166.85,24,31
2008-12-01,Petrolina,61.7,32.68,23.02,27.48,185.09,21,31
2008-12-01,Recife,16.3,30.22,24.54,26.96,156.02,25,31
2008-12-01,Salgueiro,9.1,34.45,24.22,29.05,210.27,28,31
2008-12-01,Serra Talhada,7.5,34.34,23.5,28.95,208.2,29,31
2009-01-01,Caruaru,27.4,30.07,20.87,24.71,155.27,19,31
2009-01-01,Garanhuns,14.6,28.72,18.72,23.04,155.92,26,31
2009-01-01,Petrolina,34.5,33.36,23.51,28.26,200.87,25,31
2009-01-01,Recife,48.1,30.1,24.6,26.98,151.2,18,31
2009-01-01,Salgueiro,56.4,33.11,23.32,28.03,190.85,24,31
2009-01-01,Serra Talhada,47.7,32.96,23.06,27.85,187.14,24,31
2009-02-01,Caruaru,85.1,28.83,20.92,24.01,121.71,14,28
2009-02-01,Garanhuns,84.6,27.29,18.91,22.26,121.16,16,28
2009-02-01,Petrolina,77.9,31.5,22.79,26.65,146.63,18,28
2009-02-01,Recife,109.2,29.21,24.24,26.44,117.75,8,28
2009-02-01,Salgueiro,121.1,30.56,22.28,25.81,127.84,15,28
2009-02-01,Serra Talhada,108.8,30.67,22.26,25.95,131.73,18,28
2009-03-01,Caruaru,61.5,29.12,20.96,24.28,137.93,20,31
2009-03-01,Garanhuns,47.7,27.54,19.05,22.57,142.44,24,31
2009-03-01,Petrolina,72.0,32.26,23.28,27.43,163.07,19,31
2009-03-01,Recife,71.3,29.67,24.44,26.79,134.5,15,31
2009-03-01,Salgueiro,111.9,30.76,22.18,25.96,150.04,21,31
2009-03-01,Serra Talhada,58.2,30.89,22.22,26.16,151.71,22,31
2009-04-01,Caruaru,130.6,28.16,21.08,23.85,109.58,8,30
2009-04-01,Garanhuns,80.1,27.1,19.35,22.34,114.61,11,30
2009-04-01,Petrolina,81.3,29.47,22.39,25.38,112.14,13,30
2009-04-01,Recife,126.4,29.14,24.2,26.41,107.1,3,30
2009-04-01,Salgueiro,181.8,28.98,21.95,24.84,104.72,5,30
2009-04-01,Serra Talhada,156.9,29.1,21.98,24.99,108.76,6,30
2009-05-01,Caruaru,154.5,26.5,20.77,22.87,86.36,6,31
2009-05-01,Garanhuns,224.5,24.24,18.94,20.8,76.35,3,31
2009-05-01,Petrolina,54.8,27.85,21.57,24.09,100.15,17,31
2009-05-01,Recife,256.0,27.84,23.71,25.43,85.95,1,31
2009-05-01,Salgueiro,179.2,27.29,21.25,23.64,85.56,9,31
2009-05-01,Serra Talhada,143.8,26.94,21.09,23.44,86.85,8,31
2009-06-01,Caruaru,70.3,25.4,19.96,22.08,85.36,14,30
2009-06-01,Garanhuns,49.9,23.17,18.04,20.02,78.75,13,30
2009-06-01,Petrolina,3.4,29.15,20.83,24.47,127.82,30,30
2009-06-01,Recife,118.6,27.47,23.33,25.14,93.88,5,30
2009-06-01,Salgueiro,11.1,27.47,20.45,23.45,99.21,26,30
2009-06-01,Serra Talhada,8.2,27.71,20.3,23.43,100.56,26,30
2009-07-01,Caruaru,51.3,24.71,19.02,21.28,84.57,15,31
2009-07-01,Garanhuns,59.9,22.64,17.05,19.26,80.03,10,31
2009-07-01,Petrolina,2.7,29.63,20.21,24.55,151.03,31,31
2009-07-01,Recife,133.7,26.51,22.46,24.24,87.81,2,31
2009-07-01,Salgueiro,7.8,28.31,19.75,23.54,123.61,28,31
2009-07-01,Serra Talhada,10.2,28.8,19.74,23.72,127.46,28,31
2009-08-01,Caruaru,46.3,25.17,18.91,21.37,99.77,13,31
2009-08-01,Garanhuns,61.1,22.73,17.02,19.23,87.67,9,31
2009-08-01,Petrolina,0.8,30.31,20.15,24.86,169.57,31,31
2009-08-01,Recife,72.9,26.92,22.52,24.45,113.54,11,31
2009-08-01,Salgueiro,9.5,28.64,19.72,23.69,134.51,28,31
2009-08-01,Serra Talhada,10.8,29.06,19.67,23.78,137.59,28,31
2009-09-01,Caruaru,13.4,27.2,18.94,22.37,126.31,23,30
2009-09-01,Garanhuns,15.9,25.2,16.74,20.26,123.67,24,30
2009-09-01,Petrolina,0.1,34.02,21.05,27.51,221.26,30,30
2009-09-01,Recife,35.2,27.95,23.01,25.18,124.97,13,30
2009-09-01,Salgueiro,0.9,32.85,20.7,26.55,197.56,30,30
2009-09-01,Serra Talhada,0.3,33.02,20.42,26.5,192.96,30,30
2009-10-01,Caruaru,3.2,29.72,19.75,23.93,158.72,31,31
2009-10-01,Garanhuns,4.7,28.01,17.75,22.2,154.83,29,31
2009-10-01,Petrolina,64.0,32.7,22.53,27.34,183.06,23,31
2009-10-01,Recife,15.4,29.89,23.8,26.47,157.95,24,31
2009-10-01,Salgueiro,84.4,33.54,22.96,28.18,200.27,28,31
2009-10-01,Serra Talhada,3.5,34.03,22.54,28.44,208.73,29,31
2009-11-01,Caruaru,9.3,29.4,20.12,23.98,151.14,25,30
2009-11-01,Garanhuns,10.1,28.16,17.83,22.19,156.03,25,30
2009-11-01,Petrolina,1.3,34.58,22.95,28.8,230.89,29,30
2009-11-01,Recife,20.0,29.82,24.35,26.67,152.15,22,30
2009-11-01,Salgueiro,0.9,33.88,23.17,28.38,210.18,30,30
2009-11-01,Serra Talhada,0.5,34.71,22.64,28.75,216.35,30,30
2009-12-01,Caruaru,21.9,29.95,20.95,24.62,149.81,21,31
2009-12-01,Garanhuns,25.7,28.61,18.68,22.84,153.88,22,31
2009-12-01,Petrolina,36.9,34.02,24.03,28.69,199.0,21,31
2009-12-01,Recife,35.5,30.05,24.81,27.07,145.24,16,31
2009-12-01,Salgueiro,22.1,34.04,24.04,28.71,197.8,25,31
2009-12-01,Serra Talhada,47.0,34.06,23.36,28.45,199.36,26,31
2010-01-01,Caruaru,82.1,28.18,20.9,23.82,126.4,10,31
2010-01-01,Garanhuns,77.4,26.75,18.75,21.99,130.77,12,31
2010-01-01,Petrolina,91.6,31.81,22.55,26.81,177.97,16,31
2010-01-01,Recife,75.1,29.2,24.23,26.49,127.0,7,31
2010-01-01,Salgueiro,99.0,31.27,22.4,26.35,157.52,16,31
2010-01-01,Serra Talhada,133.8,30.56,21.92,25.85,153.8,17,31
2010-02-01,Caruaru,34.6,29.21,21.66,24.68,125.04,16,28
2010-02-01,Garanhuns,46.2,27.6,19.55,22.74,122.61,15,28
2010-02-01,Petrolina,48.2,33.76,23.66,28.28,179.3,19,28
2010-02-01,Recife,55.1,29.94,25.24,27.34,124.44,8,28
2010-02-01,Salgueiro,32.3,33.91,23.74,28.43,175.7,21,28
2010-02-01,Serra Talhada,34.7,33.58,23.25,28.02,172.31,21,28
2010-03-01,Caruaru,26.7,31.02,21.85,25.56,154.66,24,31
2010-03-01,Garanhuns,26.2,29.66,19.68,23.85,157.83,21,31
2010-03-01,Petrolina,54.5,32.89,23.69,27.93,174.26,22,31
2010-03-01,Recife,42.6,31.43,25.5,28.07,152.18,18,31
2010-03-01,Salgueiro,74.9,33.4,24.11,28.42,174.89,22,31
2010-03-01,Serra Talhada,49.4,33.82,24.16,28.83,181.35,24,31
2010-04-01,Caruaru,70.1,28.82,21.74,24.47,116.62,12,30
2010-04-01,Garanhuns,200.0,26.32,19.73,22.27,104.19,9,30
2010-04-01,Petrolina,72.3,30.85,22.57,26.23,139.52,22,30
2010-04-01,Recife,86.4,29.77,25.11,27.09,114.65,4,30
2010-04-01,Salgueiro,56.3,30.74,22.58,26.16,133.68,19,30
2010-04-01,Serra Talhada,67.5,30.89,22.38,26.1,136.66,19,30
2010-05-01,Caruaru,19.9,28.18,21.06,23.92,111.17,22,31
2010-05-01,Garanhuns,31.1,25.71,18.93,21.71,100.19,19,31
2010-05-01,Petrolina,9.2,32.09,22.11,26.81,163.81,29,31
2010-05-01,Recife,69.6,29.39,24.67,26.7,113.62,11,31
2010-05-01,Salgueiro,5.6,31.98,22.35,26.79,156.0,29,31
2010-05-01,Serra Talhada,10.3,32.0,22.24,26.65,155.88,28,31
2010-06-01,Caruaru,74.1,25.61,19.85,22.13,84.19,18,30
2010-06-01,Garanhuns,151.8,22.94,17.87,19.85,71.12,8,30
2010-06-01,Petrolina,12.9,28.84,21.0,24.5,131.51,27,30
2010-06-01,Recife,140.9,27.66,23.54,25.29,93.55,5,30
2010-06-01,Salgueiro,20.1,27.69,20.6,23.67,104.59,24,30
2010-06-01,Serra Talhada,34.3,27.17,20.33,23.18,96.78,23,30
2010-07-01,Caruaru,34.0,24.7,18.97,21.2,89.19,22,31
2010-07-01,Garanhuns,59.2,22.23,16.83,18.94,80.88,11,31
2010-07-01,Petrolina,5.4,28.45,20.08,23.68,139.66,29,31
2010-07-01,Recife,101.5,26.68,22.95,24.56,98.18,7,31
2010-07-01,Salgueiro,6.1,28.2,19.73,23.43,126.38,29,31
2010-07-01,Serra Talhada,8.2,28.15,19.42,23.13,124.97,29,31
2010-08-01,Caruaru,19.9,24.54,17.79,20.58,99.37,23,31
2010-08-01,Garanhuns,51.0,21.86,15.74,18.29,87.31,14,31
2010-08-01,Petrolina,0.9,29.71,18.87,23.94,186.0,31,31
2010-08-01,Recife,61.2,26.44,22.17,24.06,115.46,11,31
2010-08-01,Salgueiro,0.5,29.23,18.71,23.41,162.17,31,31
2010-08-01,Serra Talhada,0.5,29.04,18.56,23.17,158.55,31,31
2010-09-01,Caruaru,22.8,25.86,18.24,21.36,116.92,19,30
2010-09-01,Garanhuns,42.8,23.41,16.12,19.11,106.07,16,30
2010-09-01,Petrolina,0.6,31.41,19.94,25.39,199.96,30,30
2010-09-01,Recife,45.9,27.4,22.68,24.74,132.14,13,30
2010-09-01,Salgueiro,2.6,31.6,19.82,25.07,194.81,29,30
2010-09-01,Serra Talhada,2.2,31.61,19.5,24.92,191.84,30,30
2010-10-01,Caruaru,40.5,29.08,19.92,23.68,145.08,27,31
2010-10-01,Garanhuns,89.1,26.86,17.78,21.52,138.9,23,31
2010-10-01,Petrolina,60.5,34.07,22.28,28.07,217.14,24,31
2010-10-01,Recife,11.9,29.76,24.19,26.53,151.96,25,31
2010-10-01,Salgueiro,33.8,33.95,22.2,27.72,211.12,23,31
2010-10-01,Serra Talhada,22.8,33.54,21.72,27.31,199.62,25,31
2010-11-01,Caruaru,6.4,29.67,20.07,24.03,155.37,26,30
2010-11-01,Garanhuns,3.9,27.58,17.72,21.92,154.27,29,30
2010-11-01,Petrolina,0.6,34.32,22.83,28.65,219.3,30,30
2010-11-01,Recife,16.3,30.0,24.33,26.77,156.4,24,30
2010-11-01,Salgueiro,0.9,35.32,23.6,29.42,219.53,30,30
2010-11-01,Serra Talhada,0.1,34.95,22.47,28.89,216.79,30,30
2010-12-01,Caruaru,16.3,29.51,20.58,24.27,145.25,24,31
2010-12-01,Garanhuns,38.3,27.67,18.4,22.35,145.63,23,31
2010-12-01,Petrolina,128.3,31.04,22.4,26.47,159.7,20,31
2010-12-01,Recife,30.0,29.86,24.53,26.86,146.72,19,31
2010-12-01,Salgueiro,101.7,31.79,22.75,27.01,162.55,21,31
2010-12-01,Serra Talhada,71.4,31.92,22.59,27.19,163.67,25,31
2011-01-01,Caruaru,83.6,29.04,20.78,23.99,138.79,15,31
2011-01-01,Garanhuns,75.3,27.28,18.61,22.07,139.45,18,31
2011-01-01,Petrolina,28.7,32.24,22.57,27.14,189.83,25,31
2011-01-01,Recife,79.3,29.46,24.24,26.52,137.02,8,31
2011-01-01,Salgueiro,62.9,31.99,22.66,26.91,166.01,19,31
2011-01-01,Serra Talhada,75.3,32.01,22.7,26.99,170.11,23,31
2011-02-01,Caruaru,61.3,28.59,20.94,23.99,125.99,15,28
2011-02-01,Garanhuns,70.5,26.56,18.79,21.89,119.76,11,28
2011-02-01,Petrolina,81.5,32.51,23.34,27.64,166.79,17,28
2011-02-01,Recife,67.4,29.46,24.4,26.64,128.21,10,28
2011-02-01,Salgueiro,155.2,31.62,22.76,26.75,143.48,16,28
2011-02-01,Serra Talhada,76.9,31.67,22.52,26.74,147.11,18,28
2011-03-01,Caruaru,64.6,29.49,21.14,24.57,146.11,19,31
2011-03-01,Garanhuns,57.9,27.82,19.09,22.72,143.64,19,31
2011-03-01,Petrolina,115.2,30.25,22.48,25.97,138.84,12,31
2011-03-01,Recife,57.3,30.67,24.61,27.34,148.55,18,31
2011-03-01,Salgueiro,45.5,30.92,22.18,26.09,148.58,20,31
2011-03-01,Serra Talhada,54.6,31.45,22.29,26.54,157.03,21,31
2011-04-01,Caruaru,68.1,27.68,21.07,23.6,106.34,11,30
2011-04-01,Garanhuns,89.5,25.83,19.14,21.71,103.64,11,30
2011-04-01,Petrolina,10.9,31.41,22.45,26.53,157.46,27,30
2011-04-01,Recife,241.3,28.73,24.21,26.14,100.93,5,30
2011-04-01,Salgueiro,95.5,30.59,22.12,25.85,135.49,16,30
2011-04-01,Serra Talhada,84.3,30.49,22.21,25.79,134.33,17,30
2011-05-01,Caruaru,94.1,25.5,20.35,22.35,79.28,11,31
2011-05-01,Garanhuns,110.0,23.19,18.33,20.22,71.18,8,31
2011-05-01,Petrolina,4.9,30.02,21.44,25.35,144.76,30,31
2011-05-01,Recife,231.4,27.37,23.68,25.2,84.75,2,31
2011-05-01,Salgueiro,56.6,28.09,21.01,24.09,105.46,22,31
2011-05-01,Serra Talhada,54.1,27.61,20.81,23.65,98.55,19,31
2011-06-01,Caruaru,52.6,25.22,19.33,21.71,83.09,19,30
2011-06-01,Garanhuns,52.4,22.98,17.15,19.55,75.55,18,30
2011-06-01,Petrolina,0.8,29.92,20.4,24.77,150.44,30,30
2011-06-01,Recife,134.7,26.95,23.1,24.74,86.63,5,30
2011-06-01,Salgueiro,4.2,28.88,20.18,24.17,125.16,29,30
2011-06-01,Serra Talhada,7.9,28.74,19.88,23.85,121.62,28,30
2011-07-01,Caruaru,78.5,23.57,18.65,20.58,73.26,16,31
2011-07-01,Garanhuns,143.2,21.26,16.47,18.42,65.71,7,31
2011-07-01,Petrolina,2.2,29.12,19.72,24.22,162.35,30,31
2011-07-01,Recife,295.6,26.25,22.56,24.14,90.34,6,31
2011-07-01,Salgueiro,12.6,27.92,19.38,23.16,124.87,28,31
2011-07-01,Serra Talhada,13.9,27.49,19.2,22.69,115.48,27,31
2011-08-01,Caruaru,29.3,24.85,18.04,20.9,100.29,19,31
2011-08-01,Garanhuns,34.4,22.51,15.82,18.74,94.58,17,31
2011-08-01,Petrolina,0.5,31.19,19.56,25.17,196.06,31,31
2011-08-01,Recife,90.0,26.54,22.42,24.26,107.84,11,31
2011-08-01,Salgueiro,0.3,30.24,18.99,24.18,168.99,31,31
2011-08-01,Serra Talhada,2.3,30.14,18.89,23.94,164.25,31,31
2011-09-01,Caruaru,22.1,25.43,18.06,21.07,112.62,21,30
2011-09-01,Garanhuns,51.1,22.97,15.9,18.81,101.36,14,30
2011-09-01,Petrolina,0.4,31.9,19.49,25.51,219.37,30,30
2011-09-01,Recife,42.4,26.95,22.61,24.48,126.78,15,30
2011-09-01,Salgueiro,1.1,30.87,19.12,24.47,187.95,30,30
2011-09-01,Serra Talhada,2.7,30.91,19.0,24.25,183.78,29,30
2011-10-01,Caruaru,17.9,27.57,19.5,22.85,129.45,22,31
2011-10-01,Garanhuns,27.4,25.6,17.4,20.83,126.23,20,31
2011-10-01,Petrolina,26.3,32.68,21.9,27.14,205.26,28,31
2011-10-01,Recife,35.3,28.53,23.35,25.65,137.58,16,31
2011-10-01,Salgueiro,26.2,32.85,21.77,26.89,198.13,25,31
2011-10-01,Serra Talhada,37.6,32.46,21.34,26.64,192.81,27,31
2011-11-01,Caruaru,21.5,28.23,20.07,23.38,137.06,22,30
2011-11-01,Garanhuns,43.9,26.55,17.84,21.37,136.14,22,30
2011-11-01,Petrolina,7.3,32.92,22.39,27.42,196.51,28,30
2011-11-01,Recife,44.1,28.82,23.6,26.0,139.25,10,30
2011-11-01,Salgueiro,8.2,33.43,22.85,27.9,193.95,28,30
2011-11-01,Serra Talhada,7.4,33.32,22.04,27.53,191.62,28,30
2011-12-01,Caruaru,12.0,29.34,20.07,23.95,153.81,26,31
2011-12-01,Garanhuns,9.6,27.95,17.84,22.17,158.49,27,31
2011-12-01,Petrolina,19.1,34.1,23.08,28.63,219.39,28,31
2011-12-01,Recife,26.5,29.75,24.16,26.59,154.2,20,31
2011-12-01,Salgueiro,1.8,34.68,23.71,29.18,221.54,30,31
2011-12-01,Serra Talhada,0.2,34.62,22.82,28.84,219.99,31,31
2012-01-01,Caruaru,43.8,28.53,20.42,23.62,137.65,15,31
2012-01-01,Garanhuns,46.7,26.71,18.34,21.69,134.53,16,31
2012-01-01,Petrolina,8.5,34.39,23.54,28.88,227.53,28,31
2012-01-01,Recife,75.0,29.06,24.06,26.24,136.82,8,31
2012-01-01,Salgueiro,21.9,33.67,23.25,28.29,199.94,25,31
2012-01-01,Serra Talhada,20.3,33.17,22.61,27.77,194.42,24,31
2012-02-01,Caruaru,30.0,28.38,20.41,23.6,134.46,21,29
2012-02-01,Garanhuns,29.1,26.66,18.16,21.59,132.19,19,29
2012-02-01,Petrolina,40.3,33.06,22.49,27.56,195.23,25,29
2012-02-01,Recife,63.6,28.98,24.19,26.31,134.52,11,29
2012-02-01,Salgueiro,59.6,33.26,22.59,27.69,184.81,23,29
2012-02-01,Serra Talhada,29.9,33.38,22.13,27.51,190.65,26,29
2012-03-01,Caruaru,16.0,29.35,20.43,24.07,150.76,25,31
2012-03-01,Garanhuns,18.5,27.74,18.1,22.01,149.3,22,31
2012-03-01,Petrolina,3.6,35.2,23.09,29.15,244.83,30,31
2012-03-01,Recife,54.8,29.5,24.48,26.65,144.87,16,31
2012-03-01,Salgueiro,5.1,34.85,23.44,28.98,223.06,29,31
2012-03-01,Serra Talhada,5.5,34.76,22.8,28.65,222.78,29,31
2012-04-01,Caruaru,10.3,29.42,20.28,24.09,138.16,24,30
2012-04-01,Garanhuns,11.3,27.55,18.04,21.92,132.54,25,30
2012-04-01,Petrolina,0.0,34.53,22.71,28.61,223.84,30,30
2012-04-01,Recife,36.3,29.58,24.31,26.58,133.78,15,30
2012-04-01,Salgueiro,2.4,34.0,22.82,28.27,203.9,29,30
2012-04-01,Serra Talhada,2.4,33.84,22.5,28.08,199.51,29,30
2012-05-01,Caruaru,15.2,27.98,19.86,23.19,118.56,23,31
2012-05-01,Garanhuns,20.5,26.19,17.72,21.14,114.16,23,31
2012-05-01,Petrolina,3.8,31.84,21.78,26.64,181.89,31,31
2012-05-01,Recife,70.4,28.63,23.95,25.95,118.41,13,31
2012-05-01,Salgueiro,5.5,32.02,21.81,26.61,175.09,29,31
2012-05-01,Serra Talhada,6.1,32.13,21.54,26.55,174.08,29,31
2012-06-01,Caruaru,20.2,25.95,19.43,22.04,91.1,25,30
2012-06-01,Garanhuns,30.3,24.05,17.28,20.0,86.61,16,30
2012-06-01,Petrolina,0.7,31.08,20.94,25.74,169.85,30,30
2012-06-01,Recife,95.4,27.13,22.95,24.76,93.55,9,30
2012-06-01,Salgueiro,4.2,30.77,20.79,25.38,152.81,29,30
2012-06-01,Serra Talhada,6.1,30.79,20.69,25.28,150.37,27,30
2012-07-01,Caruaru,30.0,24.51,18.1,20.77,88.92,19,31
2012-07-01,Garanhuns,45.2,22.24,15.85,18.54,79.53,17,31
2012-07-01,Petrolina,1.2,29.32,19.24,24.04,165.73,31,31
2012-07-01,Recife,75.9,26.27,22.31,24.04,100.16,9,31
2012-07-01,Salgueiro,2.7,29.13,19.15,23.62,151.96,30,31
2012-07-01,Serra Talhada,3.7,29.12,19.07,23.56,151.73,30,31
2012-08-01,Caruaru,18.3,24.85,17.37,20.4,107.58,24,31
2012-08-01,Garanhuns,41.9,22.33,15.42,18.19,96.49,15,31
2012-08-01,Petrolina,1.5,29.51,18.69,23.8,180.26,31,31
2012-08-01,Recife,54.1,26.15,21.75,23.68,114.27,9,31
2012-08-01,Salgueiro,1.5,29.51,18.52,23.45,171.25,31,31
2012-08-01,Serra Talhada,1.1,29.58,18.35,23.31,171.26,31,31
2012-09-01,Caruaru,6.5,26.89,18.07,21.75,131.43,29,30
2012-09-01,Garanhuns,25.3,24.64,15.81,19.41,123.05,21,30
2012-09-01,Petrolina,0.3,32.51,19.74,26.0,218.63,30,30
2012-09-01,Recife,19.6,27.79,22.85,24.95,137.5,22,30
2012-09-01,Salgueiro,0.1,32.75,19.59,25.76,216.13,30,30
2012-09-01,Serra Talhada,0.1,32.46,19.16,25.43,207.38,30,30
2012-10-01,Caruaru,9.3,27.76,18.89,22.54,137.49,28,31
2012-10-01,Garanhuns,13.3,25.67,16.62,20.35,130.03,25,31
2012-10-01,Petrolina,0.0,33.99,20.87,27.35,243.14,31,31
2012-10-01,Recife,24.7,28.27,23.24,25.39,145.21,19,31
2012-10-01,Salgueiro,0.1,33.58,20.89,26.97,223.63,31,31
2012-10-01,Serra Talhada,0.1,33.4,20.59,26.83,220.61,31,31
2012-11-01,Caruaru,5.0,30.84,19.92,24.47,166.09,27,30
2012-11-01,Garanhuns,5.2,29.18,17.65,22.63,166.79,28,30
2012-11-01,Petrolina,25.6,34.24,23.68,28.87,201.54,25,30
2012-11-01,Recife,12.0,30.14,24.13,26.65,156.89,25,30
2012-11-01,Salgueiro,2.9,35.69,24.17,29.89,221.25,29,30
2012-11-01,Serra Talhada,0.0,35.14,23.1,29.4,217.85,30,30
2012-12-01,Caruaru,9.8,30.5,20.25,24.49,162.78,24,31
2012-12-01,Garanhuns,8.8,28.95,17.95,22.58,165.69,27,31
2012-12-01,Petrolina,4.1,35.05,23.38,29.29,238.72,28,31
2012-12-01,Recife,22.6,29.85,24.36,26.72,152.71,24,31
2012-12-01,Salgueiro,0.8,35.55,24.4,29.83,230.66,31,31
2012-12-01,Serra Talhada,2.4,35.23,23.37,29.43,225.01,30,31
2013-01-01,Caruaru,23.6,30.11,20.88,24.74,154.95,22,31
2013-01-01,Garanhuns,19.7,28.74,18.65,22.98,158.33,23,31
2013-01-01,Petrolina,65.0,33.17,23.56,28.17,190.3,22,31
2013-01-01,Recife,26.6,30.26,24.86,27.18,151.95,18,31
2013-01-01,Salgueiro,32.1,34.2,24.17,28.82,183.94,24,31
2013-01-01,Serra Talhada,20.6,34.43,23.98,29.05,195.58,26,31
2013-02-01,Caruaru,15.4,29.97,20.8,24.69,143.7,21,28
2013-02-01,Garanhuns,11.5,28.76,18.54,22.8,145.99,23,28
2013-02-01,Petrolina,0.1,35.4,23.48,29.51,229.41,28,28
2013-02-01,Recife,28.1,30.54,25.26,27.51,146.47,14,28
2013-02-01,Salgueiro,5.1,35.6,23.8,29.6,216.03,26,28
2013-02-01,Serra Talhada,6.6,35.48,23.15,29.31,213.43,26,28
2013-03-01,Caruaru,12.6,30.44,21.34,25.04,151.01,28,31
2013-03-01,Garanhuns,16.1,29.18,19.1,23.23,154.31,22,31
2013-03-01,Petrolina,18.2,34.92,24.23,29.48,217.92,25,31
2013-03-01,Recife,26.9,30.8,25.41,27.75,154.81,22,31
2013-03-01,Salgueiro,116.6,33.66,23.78,28.39,185.99,21,31
2013-03-01,Serra Talhada,53.8,33.89,23.56,28.53,192.38,24,31
2013-04-01,Caruaru,52.8,29.85,21.24,24.72,129.63,18,30
2013-04-01,Garanhuns,51.8,28.32,19.16,22.87,128.66,17,30
2013-04-01,Petrolina,32.4,32.29,23.39,27.48,161.28,24,30
2013-04-01,Recife,85.5,30.07,24.75,27.06,127.06,14,30
2013-04-01,Salgueiro,52.9,31.36,22.59,26.45,139.55,20,30
2013-04-01,Serra Talhada,36.6,32.39,23.16,27.4,151.7,20,30
2013-05-01,Caruaru,32.4,27.29,20.2,23.06,105.6,20,31
2013-05-01,Garanhuns,48.6,25.04,18.17,20.92,98.94,16,31
2013-05-01,Petrolina,6.3,31.78,22.11,26.57,163.03,28,31
2013-05-01,Recife,95.1,28.1,23.74,25.72,103.18,4,31
2013-05-01,Salgueiro,15.9,31.24,21.69,25.97,145.54,26,31
2013-05-01,Serra Talhada,21.1,31.24,21.49,25.89,146.21,28,31
2013-06-01,Caruaru,28.4,26.12,19.61,22.2,90.63,18,30
2013-06-01,Garanhuns,36.9,24.05,17.53,20.17,87.0,16,30
2013-06-01,Petrolina,1.8,31.1,21.31,25.78,157.43,30,30
2013-06-01,Recife,102.3,27.3,22.99,24.86,90.95,7,30
2013-06-01,Salgueiro,4.4,30.58,21.07,25.47,145.13,29,30
2013-06-01,Serra Talhada,24.4,30.27,20.91,25.23,138.31,27,30
2013-07-01,Caruaru,150.5,24.48,18.65,21.05,84.61,17,31
2013-07-01,Garanhuns,130.6,22.35,16.51,18.96,78.63,13,31
2013-07-01,Petrolina,5.8,30.04,20.1,24.65,162.45,30,31
2013-07-01,Recife,440.6,26.57,22.55,24.3,92.25,6,31
2013-07-01,Salgueiro,11.5,29.27,19.65,23.9,142.45,27,31
2013-07-01,Serra Talhada,18.1,28.36,19.31,23.28,129.27,28,31
2013-08-01,Caruaru,21.6,25.13,18.43,21.16,102.37,21,31
2013-08-01,Garanhuns,39.9,22.77,16.39,18.98,92.68,16,31
2013-08-01,Petrolina,1.0,30.35,19.72,24.61,176.92,31,31
2013-08-01,Recife,172.3,26.56,22.47,24.25,107.52,10,31
2013-08-01,Salgueiro,1.6,30.36,19.47,24.38,170.18,31,31
2013-08-01,Serra Talhada,0.8,30.4,19.45,24.3,169.47,31,31
2013-09-01,Caruaru,22.0,26.27,18.86,21.88,114.53,20,30
2013-09-01,Garanhuns,25.0,24.12,16.71,19.75,108.49,18,30
2013-09-01,Petrolina,0.2,32.55,20.32,26.24,206.78,30,30
2013-09-01,Recife,51.4,27.14,22.89,24.72,118.63,12,30
2013-09-01,Salgueiro,0.8,32.88,20.39,26.27,207.02,30,30
2013-09-01,Serra Talhada,0.1,32.74,20.11,26.02,200.42,30,30
2013-10-01,Caruaru,21.8,28.01,19.41,22.95,141.12,24,31
2013-10-01,Garanhuns,31.9,26.23,17.29,20.9,137.61,22,31
2013-10-01,Petrolina,0.4,33.62,21.77,27.54,229.22,31,31
2013-10-01,Recife,45.8,28.3,23.35,25.52,140.38,17,31
2013-10-01,Salgueiro,2.7,34.07,21.98,27.59,220.71,30,31
2013-10-01,Serra Talhada,2.0,33.86,21.45,27.4,217.51,30,31
2013-11-01,Caruaru,19.3,28.09,19.91,23.26,133.52,23,30
2013-11-01,Garanhuns,34.3,26.4,17.67,21.25,132.87,23,30
2013-11-01,Petrolina,21.2,33.46,22.42,27.78,213.17,26,30
2013-11-01,Recife,38.0,28.49,23.81,25.85,135.14,13,30
2013-11-01,Salgueiro,12.8,34.04,22.69,28.03,204.08,27,30
2013-11-01,Serra Talhada,6.2,33.38,21.85,27.44,196.83,27,30
2013-12-01,Caruaru,28.5,29.19,20.43,24.08,141.36,24,31
2013-12-01,Garanhuns,62.5,27.55,18.33,22.27,143.6,22,31
2013-12-01,Petrolina,159.2,31.41,22.9,26.89,158.99,18,31
2013-12-01,Recife,42.6,29.42,24.24,26.53,143.67,14,31
2013-12-01,Salgueiro,35.8,33.24,23.39,28.04,187.09,24,31
2013-12-01,Serra Talhada,44.8,32.76,22.75,27.7,182.66,24,31
2014-01-01,Caruaru,26.6,28.99,20.31,23.92,148.93,21,31
2014-01-01,Garanhuns,23.5,27.22,18.12,21.91,147.35,21,31
2014-01-01,Petrolina,0.8,33.4,22.52,27.83,226.31,31,31
2014-01-01,Recife,44.8,29.59,24.37,26.69,151.75,15,31
2014-01-01,Salgueiro,5.6,33.85,23.25,28.32,217.28,29,31
2014-01-01,Serra Talhada,4.6,33.91,22.75,28.2,215.52,29,31
2014-02-01,Caruaru,39.0,28.63,20.57,23.8,125.44,13,28
2014-02-01,Garanhuns,34.4,26.88,18.56,21.86,122.8,17,28
2014-02-01,Petrolina,23.0,32.78,22.84,27.48,175.76,23,28
2014-02-01,Recife,47.6,29.54,24.26,26.62,128.18,9,28
2014-02-01,Salgueiro,56.2,32.27,22.54,27.04,160.64,18,28
2014-02-01,Serra Talhada,43.8,32.22,22.41,26.99,159.72,20,28
2014-03-01,Caruaru,38.8,29.06,21.04,24.31,139.67,16,31
2014-03-01,Garanhuns,51.8,26.98,18.88,22.15,132.8,15,31
2014-03-01,Petrolina,40.5,32.77,23.17,27.65,185.33,24,31
2014-03-01,Recife,55.5,29.93,24.56,26.96,142.72,10,31
2014-03-01,Salgueiro,68.3,32.1,22.9,26.93,160.26,18,31
2014-03-01,Serra Talhada,43.6,32.39,22.81,27.14,167.25,21,31
2014-04-01,Caruaru,57.9,28.96,21.02,24.2,121.91,16,30
2014-04-01,Garanhuns,72.1,27.14,18.95,22.25,118.5,17,30
2014-04-01,Petrolina,82.2,31.23,22.81,26.7,146.73,20,30
2014-04-01,Recife,64.5,30.2,24.71,27.16,128.71,14,30
2014-04-01,Salgueiro,77.8,30.85,22.41,26.13,133.56,21,30
2014-04-01,Serra Talhada,109.7,30.48,22.26,25.97,133.38,22,30
2014-05-01,Caruaru,49.2,26.65,20.12,22.77,96.27,19,31
2014-05-01,Garanhuns,87.0,24.12,18.04,20.53,88.27,17,31
2014-05-01,Petrolina,3.3,30.34,21.42,25.5,147.41,31,31
2014-05-01,Recife,160.0,28.05,23.76,25.64,100.51,11,31
2014-05-01,Salgueiro,30.3,29.74,21.07,25.03,129.41,24,31
2014-05-01,Serra Talhada,75.3,28.72,20.6,24.28,118.35,24,31
2014-06-01,Caruaru,45.3,25.6,19.45,21.91,87.63,22,30
2014-06-01,Garanhuns,51.9,23.21,17.35,19.66,77.98,17,30
2014-06-01,Petrolina,1.7,29.63,20.73,24.75,143.55,30,30
2014-06-01,Recife,104.3,27.31,23.23,25.03,95.44,9,30
2014-06-01,Salgueiro,4.7,29.48,20.41,24.55,133.93,28,30
2014-06-01,Serra Talhada,21.0,28.76,19.94,23.81,121.21,27,30
2014-07-01,Caruaru,28.3,24.74,18.63,21.11,91.92,20,31
2014-07-01,Garanhuns,47.0,22.48,16.51,18.94,82.46,14,31
2014-07-01,Petrolina,24.6,28.75,19.98,23.86,143.0,29,31
2014-07-01,Recife,99.6,26.65,22.81,24.48,102.11,11,31
2014-07-01,Salgueiro,5.0,29.16,19.62,23.86,145.05,28,31
2014-07-01,Serra Talhada,4.8,28.71,19.28,23.44,136.55,29,31
2014-08-01,Caruaru,24.0,24.99,18.2,20.91,102.89,22,31
2014-08-01,Garanhuns,46.1,22.42,16.02,18.62,90.71,15,31
2014-08-01,Petrolina,1.1,29.69,19.13,23.91,178.18,31,31
2014-08-01,Recife,56.7,26.57,22.17,24.12,114.21,15,31
2014-08-01,Salgueiro,1.9,29.91,19.01,23.87,173.57,31,31
2014-08-01,Serra Talhada,8.5,29.52,18.77,23.54,164.4,28,31
2014-09-01,Caruaru,19.0,26.39,18.72,21.8,113.24,23,30
2014-09-01,Garanhuns,39.3,24.29,16.59,19.69,110.04,21,30
2014-09-01,Petrolina,1.2,32.68,20.42,26.33,211.37,30,30
2014-09-01,Recife,93.2,26.82,22.36,24.34,111.28,11,30
2014-09-01,Salgueiro,0.2,32.31,20.55,26.06,191.19,30,30
2014-09-01,Serra Talhada,0.6,31.86,20.26,25.77,184.7,30,30
2014-10-01,Caruaru,23.5,27.13,19.46,22.46,128.44,21,31
2014-10-01,Garanhuns,56.0,25.1,17.26,20.32,123.96,17,31
2014-10-01,Petrolina,0.5,32.88,21.45,27.02,222.94,31,31
2014-10-01,Recife,63.5,27.79,23.23,25.2,135.34,14,31
2014-10-01,Salgueiro,1.6,33.04,21.5,26.85,211.24,30,31
2014-10-01,Serra Talhada,5.0,32.48,20.9,26.34,200.71,29,31
2014-11-01,Caruaru,17.8,28.59,19.74,23.48,132.63,24,30
2014-11-01,Garanhuns,90.4,26.63,17.62,21.48,130.04,24,30
2014-11-01,Petrolina,57.7,32.46,22.57,27.39,182.75,24,30
2014-11-01,Recife,20.9,29.29,23.96,26.26,143.2,25,30
2014-11-01,Salgueiro,44.6,33.54,22.78,27.94,197.35,27,30
2014-11-01,Serra Talhada,49.8,32.49,21.78,27.11,183.7,26,30
2014-12-01,Caruaru,23.9,28.55,20.25,23.68,136.85,20,31
2014-12-01,Garanhuns,38.3,26.35,17.95,21.42,132.53,16,31
2014-12-01,Petrolina,53.0,32.27,22.32,26.87,185.78,24,31
2014-12-01,Recife,37.5,29.18,24.02,26.32,141.22,11,31
2014-12-01,Salgueiro,9.0,34.16,23.22,28.33,210.86,28,31
2014-12-01,Serra Talhada,14.9,33.33,22.32,27.64,198.14,27,31
2015-01-01,Caruaru,19.0,29.85,20.55,24.38,158.55,24,31
2015-01-01,Garanhuns,25.7,27.62,18.18,22.07,150.77,22,31
2015-01-01,Petrolina,5.0,34.19,23.15,28.63,233.17,30,31
2015-01-01,Recife,31.1,30.03,24.52,26.89,157.57,16,31
2015-01-01,Salgueiro,5.5,34.71,23.57,29.0,227.34,29,31
2015-01-01,Serra Talhada,2.5,34.29,22.94,28.57,219.2,30,31
2015-02-01,Caruaru,37.8,29.81,21.02,24.51,137.39,18,28
2015-02-01,Garanhuns,49.7,27.41,18.64,22.22,130.41,15,28
2015-02-01,Petrolina,60.9,33.1,23.29,27.69,173.75,17,28
2015-02-01,Recife,58.4,30.31,24.76,27.14,135.47,12,28
2015-02-01,Salgueiro,51.7,33.31,23.26,27.86,167.63,18,28
2015-02-01,Serra Talhada,36.5,33.0,22.86,27.65,165.13,18,28
2015-03-01,Caruaru,75.6,29.13,20.93,24.21,137.89,19,31
2015-03-01,Garanhuns,31.5,27.68,18.76,22.38,137.54,18,31
2015-03-01,Petrolina,155.6,32.94,23.26,27.8,189.68,23,31
2015-03-01,Recife,103.2,29.49,24.59,26.74,135.78,12,31
2015-03-01,Salgueiro,86.0,32.91,23.03,27.52,172.49,18,31
2015-03-01,Serra Talhada,64.5,32.85,22.89,27.5,175.4,21,31
2015-04-01,Caruaru,20.0,30.1,20.77,24.71,141.1,23,30
2015-04-01,Garanhuns,37.4,28.21,18.4,22.67,136.24,22,30
2015-04-01,Petrolina,21.2,32.52,23.28,27.48,163.97,25,30
2015-04-01,Recife,22.2,30.96,24.91,27.61,143.4,21,30
2015-04-01,Salgueiro,15.8,33.8,23.19,28.04,172.5,26,30
2015-04-01,Serra Talhada,29.8,33.32,22.91,27.83,168.15,25,30
2015-05-01,Caruaru,24.8,28.5,20.86,23.95,118.9,23,31
2015-05-01,Garanhuns,31.3,26.55,18.67,21.83,112.36,18,31
2015-05-01,Petrolina,8.7,30.91,22.23,26.05,150.74,28,31
2015-05-01,Recife,71.9,29.22,24.33,26.47,114.68,7,31
2015-05-01,Salgueiro,15.9,32.07,22.6,26.91,159.2,26,31
2015-05-01,Serra Talhada,11.2,32.15,22.4,26.95,159.65,26,31
2015-06-01,Caruaru,33.4,26.08,19.76,22.18,89.06,15,30
2015-06-01,Garanhuns,58.7,23.93,17.88,20.13,82.72,11,30
2015-06-01,Petrolina,3.9,29.23,21.13,24.63,130.34,29,30
2015-06-01,Recife,105.8,27.63,23.21,25.15,95.34,6,30
2015-06-01,Salgueiro,6.3,29.66,20.9,24.8,126.86,28,30
2015-06-01,Serra Talhada,11.8,29.51,20.68,24.59,123.1,27,30
2015-07-01,Caruaru,43.2,24.88,19.13,21.29,85.64,13,31
2015-07-01,Garanhuns,61.1,22.75,17.17,19.25,81.05,11,31
2015-07-01,Petrolina,1.2,29.57,20.38,24.36,152.53,31,31
2015-07-01,Recife,116.1,26.52,22.79,24.39,92.56,2,31
2015-07-01,Salgueiro,46.8,29.02,20.05,23.95,134.37,28,31
2015-07-01,Serra Talhada,28.8,28.62,19.9,23.63,127.52,26,31
2015-08-01,Caruaru,21.3,25.39,18.39,21.22,108.37,23,31
2015-08-01,Garanhuns,30.8,23.27,16.15,19.02,101.78,17,31
2015-08-01,Petrolina,1.1,30.51,19.43,24.56,189.45,31,31
2015-08-01,Recife,57.3,26.56,22.34,24.21,110.96,7,31
2015-08-01,Salgueiro,0.2,30.7,19.43,24.57,181.99,31,31
2015-08-01,Serra Talhada,0.3,30.52,19.25,24.39,177.49,31,31
2015-09-01,Caruaru,12.8,27.49,18.93,22.45,126.84,24,30
2015-09-01,Garanhuns,14.2,25.9,16.69,20.41,127.24,25,30
2015-09-01,Petrolina,0.1,33.8,20.66,27.03,225.45,30,30
2015-09-01,Recife,25.7,28.22,23.21,25.38,131.33,19,30
2015-09-01,Salgueiro,0.0,34.01,20.98,27.18,217.24,30,30
2015-09-01,Serra Talhada,0.1,33.5,20.49,26.85,207.62,30,30
2015-10-01,Caruaru,5.7,29.09,19.5,23.41,154.47,30,31
2015-10-01,Garanhuns,9.8,27.28,17.15,21.33,150.07,27,31
2015-10-01,Petrolina,0.6,34.41,22.08,28.2,241.39,31,31
2015-10-01,Recife,14.8,29.4,23.88,26.21,157.63,25,31
2015-10-01,Salgueiro,3.7,35.04,22.42,28.48,238.28,30,31
2015-10-01,Serra Talhada,0.2,34.54,21.7,28.07,230.67,31,31
2015-11-01,Caruaru,7.1,31.18,19.97,24.67,171.07,27,30
2015-11-01,Garanhuns,5.1,29.73,17.62,22.89,175.29,28,30
2015-11-01,Petrolina,0.9,35.9,24.25,30.26,237.34,30,30
2015-11-01,Recife,10.7,30.54,24.4,26.94,164.18,24,30
2015-11-01,Salgueiro,0.1,36.55,24.1,30.36,246.93,30,30
2015-11-01,Serra Talhada,0.0,35.93,22.89,29.55,236.95,30,30
2015-12-01,Caruaru,24.1,29.96,20.76,24.54,154.18,22,31
2015-12-01,Garanhuns,16.4,28.55,18.47,22.76,156.77,27,31
2015-12-01,Petrolina,11.1,35.5,24.16,29.66,245.93,27,31
2015-12-01,Recife,57.5,29.92,24.7,26.85,148.15,16,31
2015-12-01,Salgueiro,9.3,35.81,24.19,29.7,234.99,27,31
2015-12-01,Serra Talhada,23.7,34.9,23.21,28.81,219.55,26,31
2016-01-01,Caruaru,83.0,28.77,21.33,24.19,117.42,11,31
2016-01-01,Garanhuns,72.8,27.41,19.45,22.65,124.43,14,31
2016-01-01,Petrolina,215.7,29.6,22.99,25.85,118.33,10,31
2016-01-01,Recife,86.1,29.47,24.61,26.67,119.74,11,31
2016-01-01,Salgueiro,215.4,30.19,22.77,26.0,125.77,12,31
2016-01-01,Serra Talhada,156.6,30.25,22.74,25.97,128.48,17,31
2016-02-01,Caruaru,37.6,29.1,20.85,24.29,133.78,20,29
2016-02-01,Garanhuns,31.9,27.62,18.63,22.4,133.61,20,29
2016-02-01,Petrolina,9.4,33.26,22.67,27.57,193.21,25,29
2016-02-01,Recife,79.5,29.75,24.83,26.93,131.46,14,29
2016-02-01,Salgueiro,36.9,32.72,22.42,27.18,177.02,23,29
2016-02-01,Serra Talhada,17.1,33.35,22.37,27.43,180.44,24,29
2016-03-01,Caruaru,59.4,28.8,21.58,24.44,128.32,14,31
2016-03-01,Garanhuns,39.3,27.47,19.52,22.69,128.31,16,31
2016-03-01,Petrolina,5.7,34.92,24.43,29.55,225.18,30,31
2016-03-01,Recife,119.0,29.63,24.87,26.96,131.54,7,31
2016-03-01,Salgueiro,59.5,33.43,24.03,28.33,184.05,22,31
2016-03-01,Serra Talhada,75.1,33.6,23.74,28.35,187.51,23,31
2016-04-01,Caruaru,46.6,27.91,21.15,23.86,108.8,16,30
2016-04-01,Garanhuns,41.0,26.41,19.07,22.0,110.49,16,30
2016-04-01,Petrolina,1.5,34.09,23.43,28.66,205.35,30,30
2016-04-01,Recife,88.1,29.08,24.92,26.72,113.05,12,30
2016-04-01,Salgueiro,17.3,32.83,22.92,27.58,168.2,26,30
2016-04-01,Serra Talhada,19.9,32.21,22.42,26.93,159.3,27,30
2016-05-01,Caruaru,119.3,26.83,20.3,22.95,99.01,18,31
2016-05-01,Garanhuns,52.3,25.12,18.17,21.03,95.27,18,31
2016-05-01,Petrolina,3.7,31.96,22.36,26.93,175.49,30,31
2016-05-01,Recife,222.3,28.23,23.94,25.81,102.57,10,31
2016-05-01,Salgueiro,21.0,31.3,21.89,26.3,152.2,27,31
2016-05-01,Serra Talhada,29.6,30.93,21.5,25.84,145.01,26,31
2016-06-01,Caruaru,14.1,26.42,19.69,22.32,99.84,25,30
2016-06-01,Garanhuns,28.1,24.68,17.64,20.43,94.71,19,30
2016-06-01,Petrolina,1.5,30.71,20.92,25.41,154.82,30,30
2016-06-01,Recife,64.7,27.65,23.33,25.22,101.93,12,30
2016-06-01,Salgueiro,2.7,30.51,20.83,25.2,142.44,30,30
2016-06-01,Serra Talhada,3.2,30.42,20.56,24.96,142.44,30,30
2016-07-01,Caruaru,15.8,25.47,18.5,21.31,101.11,28,31
2016-07-01,Garanhuns,37.2,23.19,16.5,19.17,91.69,16,31
2016-07-01,Petrolina,0.4,30.08,19.72,24.51,169.64,31,31
2016-07-01,Recife,49.0,26.79,22.64,24.49,106.36,9,31
2016-07-01,Salgueiro,0.2,29.84,19.46,24.18,161.91,31,31
2016-07-01,Serra Talhada,0.8,29.92,19.51,24.14,160.63,31,31
2016-08-01,Caruaru,13.8,26.19,18.35,21.62,116.04,27,31
2016-08-01,Garanhuns,18.1,24.45,16.17,19.52,111.92,24,31
2016-08-01,Petrolina,1.7,31.15,19.59,25.1,191.39,31,31
2016-08-01,Recife,25.6,27.71,22.88,25.0,127.28,20,31
2016-08-01,Salgueiro,0.1,31.57,19.44,25.09,194.43,31,31
2016-08-01,Serra Talhada,0.1,31.46,19.24,24.94,189.08,31,31
2016-09-01,Caruaru,10.5,27.76,18.84,22.54,133.44,26,30
2016-09-01,Garanhuns,13.5,25.62,16.7,20.37,126.31,25,30
2016-09-01,Petrolina,0.2,32.85,20.97,26.76,209.93,30,30
2016-09-01,Recife,31.5,28.45,23.33,25.48,138.1,18,30
2016-09-01,Salgueiro,0.0,33.47,21.25,26.96,212.7,30,30
2016-09-01,Serra Talhada,0.0,33.46,20.87,26.87,211.42,30,30
2016-10-01,Caruaru,9.0,29.3,19.84,23.71,156.18,28,31
2016-10-01,Garanhuns,12.3,27.76,17.7,21.77,155.05,27,31
2016-10-01,Petrolina,8.5,34.5,22.45,28.28,237.54,28,31
2016-10-01,Recife,18.2,29.66,24.16,26.48,160.71,24,31
2016-10-01,Salgueiro,0.4,35.24,22.84,28.8,246.92,31,31
2016-10-01,Serra Talhada,0.2,34.97,21.95,28.36,239.0,31,31
2016-11-01,Caruaru,6.7,29.8,20.29,24.28,150.68,28,30
2016-11-01,Garanhuns,7.5,28.57,18.16,22.51,157.52,29,30
2016-11-01,Petrolina,7.3,35.06,23.21,28.98,227.3,28,30
2016-11-01,Recife,18.5,29.92,24.6,26.81,151.82,23,30
2016-11-01,Salgueiro,0.0,35.65,24.1,29.78,231.1,30,30
2016-11-01,Serra Talhada,0.6,35.36,23.01,29.27,224.78,30,30
2016-12-01,Caruaru,21.9,30.11,20.73,24.6,156.83,26,31
2016-12-01,Garanhuns,19.5,28.7,18.58,22.86,160.12,22,31
2016-12-01,Petrolina,9.8,34.67,24.21,29.3,224.72,29,31
2016-12-01,Recife,21.2,30.36,25.12,27.24,156.36,22,31
2016-12-01,Salgueiro,27.5,34.64,24.05,29.18,213.88,25,31
2016-12-01,Serra Talhada,14.6,34.43,23.5,28.94,208.82,28,31
2017-01-01,Caruaru,31.9,28.91,19.66,23.37,145.53,19,31
2017-01-01,Garanhuns,32.1,27.08,18.25,22.01,138.31,18,31
2017-01-01,Petrolina,5.6,34.73,23.89,29.56,250.78,30,31
2017-01-01,Recife,62.6,29.24,25.15,26.97,158.91,13,31
2017-01-01,Salgueiro,12.5,33.31,23.84,28.56,208.17,27,31
2017-01-01,Serra Talhada,11.4,33.89,23.68,28.73,213.49,28,31
2017-02-01,Caruaru,35.7,29.24,20.15,23.71,135.52,18,28
2017-02-01,Garanhuns,23.7,27.89,18.79,22.44,134.19,19,28
2017-02-01,Petrolina,36.4,33.55,23.82,28.75,191.07,20,28
2017-02-01,Recife,58.2,29.46,25.25,27.2,143.06,11,28
2017-02-01,Salgueiro,48.3,32.41,23.55,27.88,163.81,20,28
2017-02-01,Serra Talhada,48.9,33.51,23.74,28.42,173.86,19,28
2017-03-01,Caruaru,52.7,28.8,20.46,23.73,136.46,14,31
2017-03-01,Garanhuns,35.3,28.01,19.18,22.7,139.35,19,31
2017-03-01,Petrolina,75.5,33.57,23.93,28.69,203.97,24,31
2017-03-01,Recife,114.9,28.94,24.93,26.84,131.11,2,31
2017-03-01,Salgueiro,127.3,31.53,23.21,27.08,157.63,18,31
2017-03-01,Serra Talhada,100.1,32.57,23.59,27.5,160.39,17,31
2017-04-01,Caruaru,51.7,27.79,20.35,23.2,112.31,14,30
2017-04-01,Garanhuns,59.4,26.24,19.08,21.86,103.78,8,30
2017-04-01,Petrolina,46.7,32.32,23.27,27.59,174.18,27,30
2017-04-01,Recife,154.7,28.9,24.66,26.64,119.24,4,30
2017-04-01,Salgueiro,39.0,30.5,22.17,26.16,141.74,22,30
2017-04-01,Serra Talhada,67.4,30.99,22.18,26.25,143.07,19,30
2017-05-01,Caruaru,108.6,26.31,20.0,22.35,90.09,14,31
2017-05-01,Garanhuns,145.1,24.19,18.74,20.83,77.34,6,31
2017-05-01,Petrolina,51.9,30.73,22.31,26.3,151.34,25,31
2017-05-01,Recife,282.2,27.78,24.22,25.84,97.48,4,31
2017-05-01,Salgueiro,34.3,29.58,21.94,25.49,125.79,18,31
2017-05-01,Serra Talhada,31.8,30.0,22.08,25.7,127.58,22,31
2017-06-01,Caruaru,67.1,24.24,19.06,20.96,75.91,12,30
2017-06-01,Garanhuns,147.0,22.82,17.94,19.66,67.7,3,30
2017-06-01,Petrolina,11.5,28.63,20.68,24.3,125.26,26,30
2017-06-01,Recife,318.5,27.17,23.56,25.17,92.36,0,30
2017-06-01,Salgueiro,17.2,28.15,20.29,23.85,111.99,26,30
2017-06-01,Serra Talhada,20.7,28.59,20.45,24.06,116.28,23,30
2017-07-01,Caruaru,80.3,22.27,17.66,19.28,64.83,9,31
2017-07-01,Garanhuns,141.2,20.31,16.37,17.82,53.64,0,31
2017-07-01,Petrolina,8.9,26.93,19.09,22.66,128.62,29,31
2017-07-01,Recife,281.1,25.88,22.75,24.12,93.28,0,31
2017-07-01,Salgueiro,13.9,25.6,18.72,21.82,104.02,24,31
2017-07-01,Serra Talhada,23.0,25.59,18.66,21.64,98.29,22,31
2017-08-01,Caruaru,24.8,24.28,17.73,20.21,94.44,20,31
2017-08-01,Garanhuns,70.2,22.34,16.46,18.72,82.31,10,31
2017-08-01,Petrolina,2.2,30.14,19.57,24.63,176.57,31,31
2017-08-01,Recife,126.0,26.34,22.45,24.27,111.39,4,31
2017-08-01,Salgueiro,8.4,28.85,19.05,23.61,146.94,28,31
2017-08-01,Serra Talhada,2.9,29.36,19.1,23.72,150.99,31,31
2017-09-01,Caruaru,37.0,24.37,17.53,20.14,99.43,13,30
2017-09-01,Garanhuns,97.2,22.15,16.33,18.58,85.63,1,30
2017-09-01,Petrolina,9.5,28.75,19.8,23.96,153.14,28,30
2017-09-01,Recife,97.9,26.65,23.05,24.61,128.41,2,30
2017-09-01,Salgueiro,7.6,29.36,19.44,23.86,156.13,28,30
2017-09-01,Serra Talhada,3.1,30.09,19.33,24.13,166.63,30,30
2017-10-01,Caruaru,30.0,26.37,18.47,21.58,121.84,17,31
2017-10-01,Garanhuns,51.1,24.21,17.05,19.97,109.59,10,31
2017-10-01,Petrolina,2.8,33.22,21.19,26.99,224.46,31,31
2017-10-01,Recife,72.5,27.48,23.85,25.48,141.49,7,31
2017-10-01,Salgueiro,0.3,32.27,20.96,26.45,205.1,31,31
2017-10-01,Serra Talhada,3.3,32.86,20.9,26.65,208.54,30,31
2017-11-01,Caruaru,14.4,28.25,18.87,22.65,137.2,26,30
2017-11-01,Garanhuns,16.9,26.75,17.5,21.41,137.66,22,30
2017-11-01,Petrolina,22.1,33.52,23.37,28.43,202.4,27,30
2017-11-01,Recife,46.7,28.57,24.34,26.26,148.06,13,30
2017-11-01,Salgueiro,10.3,33.35,23.47,28.44,203.23,28,30
2017-11-01,Serra Talhada,10.8,33.66,22.64,28.4,204.56,28,30
2017-12-01,Caruaru,20.2,29.27,19.68,23.53,148.31,26,31
2017-12-01,Garanhuns,15.9,28.02,18.39,22.44,146.04,26,31
2017-12-01,Petrolina,35.9,33.07,23.86,28.49,202.21,26,31
2017-12-01,Recife,55.8,29.04,24.99,26.79,150.94,13,31
2017-12-01,Salgueiro,11.9,33.8,24.29,29.01,214.83,28,31
2017-12-01,Serra Talhada,4.7,34.01,23.36,28.76,212.95,30,31
2018-01-01,Caruaru,53.9,28.0,19.78,23.04,133.51,14,31
2018-01-01,Garanhuns,47.6,26.64,18.6,21.85,130.79,16,31
2018-01-01,Petrolina,49.6,32.63,23.46,27.98,198.54,23,31
2018-01-01,Recife,115.7,28.58,24.75,26.47,139.4,6,31
2018-01-01,Salgueiro,65.9,31.79,23.18,27.2,174.8,19,31
2018-01-01,Serra Talhada,40.0,32.55,23.23,27.66,185.88,23,31
2018-02-01,Caruaru,59.9,28.13,20.09,23.21,116.7,11,28
2018-02-01,Garanhuns,59.6,26.72,18.87,21.98,114.41,11,28
2018-02-01,Petrolina,90.4,30.4,22.86,26.24,130.41,10,28
2018-02-01,Recife,139.8,28.5,24.66,26.5,121.05,4,28
2018-02-01,Salgueiro,135.4,29.72,22.1,25.45,121.69,10,28
2018-02-01,Serra Talhada,148.5,30.79,22.75,26.5,136.31,11,28
2018-03-01,Caruaru,59.6,27.92,20.33,23.24,121.68,15,31
2018-03-01,Garanhuns,50.2,26.74,19.11,22.18,122.95,15,31
2018-03-01,Petrolina,91.9,31.35,23.31,26.91,152.19,16,31
2018-03-01,Recife,127.2,28.82,24.73,26.69,131.7,8,31
2018-03-01,Salgueiro,91.7,30.22,22.33,25.85,140.51,16,31
2018-03-01,Serra Talhada,131.5,30.1,22.43,25.86,143.92,15,31
2018-04-01,Caruaru,99.9,25.88,19.9,22.13,91.65,8,30
2018-04-01,Garanhuns,99.2,24.37,18.74,20.82,85.81,5,30
2018-04-01,Petrolina,34.0,30.84,22.26,26.2,148.39,24,30
2018-04-01,Recife,268.8,27.68,23.96,25.63,99.05,1,30
2018-04-01,Salgueiro,110.6,28.28,21.06,24.35,110.44,17,30
2018-04-01,Serra Talhada,105.8,28.37,21.14,24.38,109.84,19,30
2018-05-01,Caruaru,38.6,25.53,19.05,21.51,95.39,16,31
2018-05-01,Garanhuns,56.6,23.75,17.8,20.13,83.47,9,31
2018-05-01,Petrolina,4.2,30.16,21.25,25.51,145.33,31,31
2018-05-01,Recife,150.1,27.67,23.66,25.55,107.74,2,31
2018-05-01,Salgueiro,15.3,29.03,20.45,24.51,133.21,26,31
2018-05-01,Serra Talhada,13.5,29.33,20.34,24.53,132.17,26,31
2018-06-01,Caruaru,37.6,24.52,18.05,20.58,86.66,13,30
2018-06-01,Garanhuns,67.3,22.78,17.02,19.2,77.65,6,30
2018-06-01,Petrolina,4.9,29.49,20.14,24.53,139.92,30,30
2018-06-01,Recife,103.5,27.16,23.17,25.02,105.92,4,30
2018-06-01,Salgueiro,17.4,28.53,19.15,23.69,128.63,25,30
2018-06-01,Serra Talhada,14.7,29.35,19.14,23.98,135.41,27,30
2018-07-01,Caruaru,39.8,24.03,17.5,19.97,91.58,17,31
2018-07-01,Garanhuns,66.9,22.11,16.36,18.52,78.71,6,31
2018-07-01,Petrolina,2.8,29.31,19.36,24.3,159.38,31,31
2018-07-01,Recife,108.3,26.5,22.75,24.43,110.12,4,31
2018-07-01,Salgueiro,4.5,28.47,18.75,23.5,143.85,30,31
2018-07-01,Serra Talhada,5.2,29.35,18.91,23.85,152.6,28,31
2018-08-01,Caruaru,23.6,25.21,17.59,20.52,110.75,17,31
2018-08-01,Garanhuns,45.8,23.34,16.34,19.03,103.39,14,31
2018-08-01,Petrolina,1.8,31.18,19.82,25.54,192.97,30,31
2018-08-01,Recife,84.8,26.49,23.02,24.55,122.41,5,31
2018-08-01,Salgueiro,1.2,30.54,18.99,24.82,186.66,31,31
2018-08-01,Serra Talhada,1.1,31.09,19.24,25.13,186.3,31,31
2018-09-01,Caruaru,27.0,26.14,17.91,21.08,118.56,19,30
2018-09-01,Garanhuns,40.0,24.21,16.57,19.6,109.26,15,30
2018-09-01,Petrolina,1.3,32.77,20.71,26.79,210.73,30,30
2018-09-01,Recife,74.7,26.87,23.26,24.87,129.28,7,30
2018-09-01,Salgueiro,0.6,31.97,20.39,26.24,197.54,30,30
2018-09-01,Serra Talhada,1.3,32.72,20.37,26.47,204.59,29,30
2018-10-01,Caruaru,26.4,28.45,18.66,22.62,142.54,23,31
2018-10-01,Garanhuns,17.5,27.16,17.41,21.51,141.45,25,31
2018-10-01,Petrolina,23.4,33.86,22.75,28.32,213.48,27,31
2018-10-01,Recife,57.6,27.97,23.98,25.78,142.53,9,31
2018-10-01,Salgueiro,19.4,33.42,22.54,28.04,208.38,25,31
2018-10-01,Serra Talhada,30.9,33.72,22.3,28.06,206.83,26,31
2018-11-01,Caruaru,32.1,28.55,19.38,22.96,135.22,16,30
2018-11-01,Garanhuns,42.3,27.25,18.01,21.81,135.65,17,30
2018-11-01,Petrolina,6.5,34.48,23.25,29.01,227.56,28,30
2018-11-01,Recife,111.0,28.17,24.4,26.11,136.07,4,30
2018-11-01,Salgueiro,6.0,34.04,23.43,28.81,210.49,28,30
2018-11-01,Serra Talhada,16.8,34.49,22.72,28.68,212.27,26,30
2018-12-01,Caruaru,37.1,29.06,19.43,23.31,146.56,17,31
2018-12-01,Garanhuns,40.7,27.4,18.25,22.09,143.1,21,31
2018-12-01,Petrolina,118.4,30.98,22.07,26.43,163.73,21,31
2018-12-01,Recife,70.9,28.61,24.53,26.43,144.86,9,31
2018-12-01,Salgueiro,125.9,30.9,21.42,25.81,156.08,20,31
2018-12-01,Serra Talhada,138.9,32.17,22.01,26.77,169.51,19,31
2019-01-01,Caruaru,67.0,28.17,19.66,22.99,134.11,11,31
2019-01-01,Garanhuns,111.3,26.71,18.36,21.67,126.39,9,31
2019-01-01,Petrolina,4.9,34.47,23.67,29.24,238.85,29,31
2019-01-01,Recife,114.3,28.62,24.6,26.48,137.13,0,31
2019-01-01,Salgueiro,48.8,33.03,22.86,27.64,189.13,19,31
2019-01-01,Serra Talhada,54.9,33.7,22.95,27.97,198.63,19,31
2019-02-01,Caruaru,80.9,29.01,20.42,23.81,124.75,11,28
2019-02-01,Garanhuns,50.3,27.85,19.26,22.73,124.01,15,28
2019-02-01,Petrolina,125.7,32.47,23.25,27.81,157.98,14,28
2019-02-01,Recife,119.7,28.87,24.91,26.84,120.56,4,28
2019-02-01,Salgueiro,105.7,32.46,22.78,27.13,147.55,13,28
2019-02-01,Serra Talhada,97.1,32.22,22.72,27.02,149.38,11,28
2019-03-01,Caruaru,96.9,28.85,20.43,23.76,134.81,8,31
2019-03-01,Garanhuns,120.6,27.62,19.24,22.61,131.37,7,31
2019-03-01,Petrolina,56.6,32.47,23.37,27.73,172.17,23,31
2019-03-01,Recife,136.6,29.22,24.81,26.91,130.55,5,31
2019-03-01,Salgueiro,133.4,31.87,22.22,26.51,160.83,15,31
2019-03-01,Serra Talhada,135.0,31.36,22.3,26.33,153.44,15,31
2019-04-01,Caruaru,75.2,28.05,20.3,23.39,116.91,12,30
2019-04-01,Garanhuns,105.6,26.85,18.93,22.21,112.92,8,30
2019-04-01,Petrolina,69.8,32.21,23.14,27.5,157.15,17,30
2019-04-01,Recife,121.3,28.93,24.77,26.82,118.16,8,30
2019-04-01,Salgueiro,55.1,30.77,22.15,25.99,131.87,17,30
2019-04-01,Serra Talhada,138.1,30.53,22.4,26.05,130.47,16,30
2019-05-01,Caruaru,28.6,27.02,19.73,22.62,108.29,20,31
2019-05-01,Garanhuns,46.4,25.76,18.49,21.42,104.51,15,31
2019-05-01,Petrolina,19.2,32.57,22.85,27.61,173.89,25,31
2019-05-01,Recife,125.7,28.56,24.48,26.46,112.54,7,31
2019-05-01,Salgueiro,55.5,31.39,21.61,26.16,146.55,21,31
2019-05-01,Serra Talhada,30.4,31.43,21.71,26.26,143.33,23,31
2019-06-01,Caruaru,93.8,24.63,18.73,21.02,84.36,13,30
2019-06-01,Garanhuns,134.0,23.05,17.42,19.62,74.54,7,30
2019-06-01,Petrolina,10.0,29.99,20.88,25.15,144.84,25,30
2019-06-01,Recife,284.2,27.5,23.53,25.45,102.42,3,30
2019-06-01,Salgueiro,19.2,29.32,20.02,24.23,125.63,24,30
2019-06-01,Serra Talhada,22.4,29.62,20.03,24.47,131.94,23,30
2019-07-01,Caruaru,107.5,23.99,17.89,20.25,85.07,10,31
2019-07-01,Garanhuns,165.3,22.05,16.71,18.85,73.36,8,31
2019-07-01,Petrolina,7.8,29.42,19.95,24.51,149.04,29,31
2019-07-01,Recife,229.0,26.52,22.62,24.43,95.62,3,31
2019-07-01,Salgueiro,34.4,28.31,19.44,23.43,120.66,22,31
2019-07-01,Serra Talhada,25.7,28.37,19.53,23.53,120.5,22,31
2019-08-01,Caruaru,64.9,23.88,17.47,19.98,96.05,10,31
2019-08-01,Garanhuns,112.7,22.0,16.25,18.54,83.6,6,31
2019-08-01,Petrolina,4.4,30.23,19.31,24.75,177.1,30,31
2019-08-01,Recife,109.7,26.44,22.82,24.46,116.92,4,31
2019-08-01,Salgueiro,6.2,30.18,18.8,24.0,164.62,28,31
2019-08-01,Serra Talhada,7.5,30.02,18.7,23.87,163.19,28,31
2019-09-01,Caruaru,38.3,25.58,17.98,21.01,110.13,14,30
2019-09-01,Garanhuns,61.5,23.72,16.81,19.61,99.97,10,30
2019-09-01,Petrolina,3.2,32.88,20.8,26.79,203.48,29,30
2019-09-01,Recife,82.4,26.82,23.3,24.86,123.51,8,30
2019-09-01,Salgueiro,2.1,33.24,20.49,26.56,199.57,29,30
2019-09-01,Serra Talhada,0.9,33.32,20.44,26.57,201.18,30,30
2019-10-01,Caruaru,20.2,27.36,18.39,21.99,137.79,23,31
2019-10-01,Garanhuns,26.7,25.7,17.09,20.65,132.86,23,31
2019-10-01,Petrolina,79.3,33.6,22.0,27.88,221.56,29,31
2019-10-01,Recife,71.5,27.56,23.4,25.37,143.5,6,31
2019-10-01,Salgueiro,3.1,34.61,22.0,28.23,232.27,31,31
2019-10-01,Serra Talhada,0.5,34.69,21.81,28.21,235.53,31,31
2019-11-01,Caruaru,5.7,29.72,18.97,23.35,156.54,28,30
2019-11-01,Garanhuns,9.6,28.02,17.63,22.15,153.94,27,30
2019-11-01,Petrolina,12.5,34.7,23.53,29.44,225.71,26,30
2019-11-01,Recife,28.4,29.16,24.55,26.65,162.43,16,30
2019-11-01,Salgueiro,37.6,35.06,23.27,29.17,222.03,28,30
2019-11-01,Serra Talhada,37.1,34.94,22.79,29.04,219.69,28,30
2019-12-01,Caruaru,18.9,29.85,19.58,23.79,157.49,25,31
2019-12-01,Garanhuns,19.7,28.8,18.29,22.76,157.17,24,31
2019-12-01,Petrolina,66.3,34.98,24.14,29.86,240.7,30,31
2019-12-01,Recife,40.6,29.49,24.99,27.06,164.9,12,31
2019-12-01,Salgueiro,12.2,34.76,23.54,29.14,225.35,28,31
2019-12-01,Serra Talhada,30.9,35.12,23.36,29.15,225.18,29,31
2020-01-01,Caruaru,34.7,29.88,20.28,24.26,147.23,21,31
2020-01-01,Garanhuns,33.7,29.1,18.95,23.22,148.3,23,31
2020-01-01,Petrolina,117.0,31.86,23.65,27.65,161.09,16,31
2020-01-01,Recife,45.4,29.99,25.48,27.55,157.17,11,31
2020-01-01,Salgueiro,87.5,32.67,23.19,27.55,160.16,16,31
2020-01-01,Serra Talhada,116.7,31.39,23.0,26.94,148.67,17,31
2020-02-01,Caruaru,59.5,29.47,20.86,24.22,133.53,12,29
2020-02-01,Garanhuns,117.0,28.4,19.72,23.1,128.35,11,29
2020-02-01,Petrolina,211.7,31.38,23.42,27.19,136.7,15,29
2020-02-01,Recife,106.9,29.85,25.27,27.51,140.06,5,29
2020-02-01,Salgueiro,155.6,30.92,22.38,26.12,132.01,12,29
2020-02-01,Serra Talhada,232.1,30.96,22.62,26.26,132.97,11,29
2020-03-01,Caruaru,150.1,29.21,20.89,24.13,131.18,6,31
2020-03-01,Garanhuns,234.8,27.5,19.83,22.72,123.51,6,31
2020-03-01,Petrolina,248.8,29.95,23.17,26.24,119.7,5,31
2020-03-01,Recife,101.2,30.06,25.14,27.53,139.56,10,31
2020-03-01,Salgueiro,210.0,29.65,22.2,25.43,120.97,5,31
2020-03-01,Serra Talhada,327.7,29.14,22.23,25.18,117.36,4,31
2020-04-01,Caruaru,118.4,28.06,20.34,23.43,116.68,11,30
2020-04-01,Garanhuns,131.5,26.17,19.26,22.01,108.27,9,30
2020-04-01,Petrolina,111.1,30.14,22.71,26.06,119.34,15,30
2020-04-01,Recife,130.5,29.09,24.98,26.94,119.81,6,30
2020-04-01,Salgueiro,111.7,29.92,21.94,25.45,121.45,12,30
2020-04-01,Serra Talhada,101.8,29.7,21.92,25.43,125.88,16,30
2020-05-01,Caruaru,84.3,26.47,20.03,22.54,97.14,6,31
2020-05-01,Garanhuns,133.5,24.45,18.98,21.05,85.11,6,31
2020-05-01,Petrolina,40.0,30.07,21.89,25.57,125.85,20,31
2020-05-01,Recife,226.8,28.23,24.48,26.22,105.25,4,31
2020-05-01,Salgueiro,27.6,29.6,21.19,24.99,121.03,20,31
2020-05-01,Serra Talhada,41.3,28.54,20.96,24.38,108.89,19,31
2020-06-01,Caruaru,92.3,24.51,18.65,20.91,79.84,5,30
2020-06-01,Garanhuns,168.7,22.65,17.59,19.59,69.25,2,30
2020-06-01,Petrolina,20.4,28.44,20.38,23.98,111.04,24,30
2020-06-01,Recife,186.6,27.42,23.56,25.32,101.7,3,30
2020-06-01,Salgueiro,38.8,29.09,19.59,23.93,118.1,22,30
2020-06-01,Serra Talhada,23.2,27.76,19.25,23.06,106.29,25,30
2020-07-01,Caruaru,44.9,23.82,17.4,20.01,91.46,17,31
2020-07-01,Garanhuns,99.2,21.79,16.13,18.54,75.45,7,31
2020-07-01,Petrolina,6.0,28.94,19.31,23.74,142.5,29,31
2020-07-01,Recife,142.6,26.62,22.5,24.45,107.82,7,31
2020-07-01,Salgueiro,8.0,28.77,18.15,23.31,145.26,27,31
2020-07-01,Serra Talhada,10.4,28.59,18.25,23.05,142.17,26,31
2020-08-01,Caruaru,27.7,24.59,17.22,20.12,110.0,20,31
2020-08-01,Garanhuns,62.6,22.5,16.07,18.58,95.01,11,31
2020-08-01,Petrolina,4.4,30.04,19.13,24.34,169.4,30,31
2020-08-01,Recife,76.8,26.69,22.39,24.42,128.59,10,31
2020-08-01,Salgueiro,2.8,30.33,18.65,24.3,181.46,31,31
2020-08-01,Serra Talhada,0.9,30.41,18.57,24.18,183.76,31,31
2020-09-01,Caruaru,28.7,25.41,17.45,20.65,111.82,19,30
2020-09-01,Garanhuns,49.4,23.26,16.19,19.09,98.42,14,30
2020-09-01,Petrolina,1.7,32.33,20.37,26.19,203.88,30,30
2020-09-01,Recife,66.5,27.12,22.71,24.79,130.62,11,30
2020-09-01,Salgueiro,0.1,32.65,19.78,26.06,214.06,30,30
2020-09-01,Serra Talhada,0.3,32.39,19.33,25.65,207.95,30,30
2020-10-01,Caruaru,22.7,28.79,18.64,22.7,150.92,25,31
2020-10-01,Garanhuns,14.7,26.85,17.22,21.35,143.79,24,31
2020-10-01,Petrolina,3.9,35.03,22.95,29.23,239.9,30,31
2020-10-01,Recife,57.2,28.32,23.83,25.94,146.56,11,31
2020-10-01,Salgueiro,0.7,35.4,22.36,29.02,249.9,31,31
2020-10-01,Serra Talhada,4.6,35.0,21.66,28.58,241.59,30,31
2020-11-01,Caruaru,39.8,29.17,19.34,23.3,144.42,19,30
2020-11-01,Garanhuns,54.6,26.61,18.16,21.65,132.45,14,30
2020-11-01,Petrolina,64.8,31.24,22.14,26.63,164.87,21,30
2020-11-01,Recife,67.1,28.87,24.52,26.49,150.2,7,30
2020-11-01,Salgueiro,20.9,32.41,22.21,27.39,183.45,24,30
2020-11-01,Serra Talhada,29.0,32.57,21.89,27.16,185.62,24,30
2020-12-01,Caruaru,50.0,28.4,19.14,22.95,142.61,18,31
2020-12-01,Garanhuns,22.0,26.96,17.85,21.69,139.29,22,31
2020-12-01,Petrolina,5.7,33.81,23.37,28.74,227.13,30,31
2020-12-01,Recife,69.2,28.84,24.47,26.53,155.64,8,31
2020-12-01,Salgueiro,3.9,34.06,23.21,28.76,219.47,29,31
2020-12-01,Serra Talhada,4.0,33.88,22.49,28.35,216.52,30,31
2021-01-01,Caruaru,44.9,28.4,19.43,23.04,137.43,13,31
2021-01-01,Garanhuns,48.8,26.74,18.35,21.76,129.69,13,31
2021-01-01,Petrolina,10.0,33.43,23.6,28.56,209.78,28,31
2021-01-01,Recife,59.6,29.05,24.63,26.66,149.95,9,31
2021-01-01,Salgueiro,15.5,32.52,23.12,27.78,182.63,26,31
2021-01-01,Serra Talhada,18.4,32.53,23.04,27.81,181.8,26,31
2021-02-01,Caruaru,45.9,29.73,19.84,23.75,137.28,14,28
2021-02-01,Garanhuns,39.1,28.06,18.44,22.41,133.49,16,28
2021-02-01,Petrolina,42.7,32.11,23.5,27.81,158.13,18,28
2021-02-01,Recife,61.9,29.44,24.92,27.01,138.62,10,28
2021-02-01,Salgueiro,44.7,31.96,22.74,27.18,149.06,21,28
2021-02-01,Serra Talhada,20.6,32.67,22.88,27.67,160.65,20,28
2021-03-01,Caruaru,161.4,28.08,19.62,22.96,131.77,9,31
2021-03-01,Garanhuns,99.4,26.83,18.55,21.8,126.89,12,31
2021-03-01,Petrolina,19.5,33.85,23.44,28.58,202.59,28,31
2021-03-01,Recife,95.4,28.87,24.41,26.54,139.88,6,31
2021-03-01,Salgueiro,70.0,32.72,22.24,27.2,184.36,20,31
2021-03-01,Serra Talhada,52.4,32.17,21.99,26.8,179.0,19,31
2021-04-01,Caruaru,97.7,27.19,19.89,22.66,112.42,9,30
2021-04-01,Garanhuns,128.3,25.63,18.68,21.34,104.18,9,30
2021-04-01,Petrolina,39.5,31.77,22.79,26.98,161.35,22,30
2021-04-01,Recife,120.1,28.4,24.31,26.26,117.12,3,30
2021-04-01,Salgueiro,122.5,31.39,21.67,26.15,153.74,19,30
2021-04-01,Serra Talhada,95.5,30.79,21.59,25.76,146.03,18,30
2021-05-01,Caruaru,83.1,25.5,19.18,21.51,91.83,12,31
2021-05-01,Garanhuns,141.8,23.64,18.15,20.17,80.3,6,31
2021-05-01,Petrolina,4.2,30.79,20.94,25.59,157.98,29,31
2021-05-01,Recife,164.2,27.5,23.58,25.42,103.06,6,31
2021-05-01,Salgueiro,32.1,29.72,20.41,24.64,135.09,21,31
2021-05-01,Serra Talhada,35.7,29.13,20.41,24.3,125.04,23,31
2021-06-01,Caruaru,43.4,24.55,18.08,20.59,84.79,12,30
2021-06-01,Garanhuns,61.8,22.66,16.92,19.17,70.76,9,30
2021-06-01,Petrolina,8.3,30.47,20.26,25.1,154.84,27,30
2021-06-01,Recife,128.6,26.91,22.41,24.5,96.03,5,30
2021-06-01,Salgueiro,6.9,29.8,19.47,24.5,146.05,27,30
2021-06-01,Serra Talhada,5.3,29.75,19.4,24.24,139.5,28,30
2021-07-01,Caruaru,57.1,24.08,18.04,20.29,86.93,13,31
2021-07-01,Garanhuns,91.1,22.33,16.9,18.97,79.38,5,31
2021-07-01,Petrolina,7.3,29.4,19.91,24.31,149.44,29,31
2021-07-01,Recife,110.8,26.57,22.7,24.5,101.14,5,31
2021-07-01,Salgueiro,19.1,29.29,19.3,23.82,142.43,29,31
2021-07-01,Serra Talhada,33.7,28.7,19.17,23.5,131.82,29,31
2021-08-01,Caruaru,76.6,23.54,17.46,19.77,88.91,11,31
2021-08-01,Garanhuns,112.3,21.64,16.36,18.36,77.8,3,31
2021-08-01,Petrolina,0.7,30.45,19.04,24.45,186.84,31,31
2021-08-01,Recife,161.9,25.95,22.38,24.02,105.36,1,31
2021-08-01,Salgueiro,3.8,30.15,18.83,24.15,175.31,30,31
2021-08-01,Serra Talhada,4.1,29.97,18.84,23.93,166.69,29,31
2021-09-01,Caruaru,26.5,26.47,18.41,21.53,118.64,18,30
2021-09-01,Garanhuns,49.6,24.44,17.18,20.03,107.93,13,30
2021-09-01,Petrolina,0.4,33.88,21.09,27.55,222.46,30,30
2021-09-01,Recife,98.3,27.23,23.23,25.11,124.05,9,30
2021-09-01,Salgueiro,1.9,33.48,20.81,26.96,209.05,29,30
2021-09-01,Serra Talhada,1.9,33.33,20.73,26.76,203.02,30,30
2021-10-01,Caruaru,28.0,28.79,19.15,23.04,148.82,21,31
2021-10-01,Garanhuns,31.1,26.81,17.79,21.5,140.01,17,31
2021-10-01,Petrolina,31.7,34.47,22.6,28.64,229.65,27,31
2021-10-01,Recife,70.8,28.28,24.02,26.07,146.88,6,31
2021-10-01,Salgueiro,15.9,34.7,22.65,28.64,229.56,27,31
2021-10-01,Serra Talhada,15.7,34.55,22.28,28.4,222.84,29,31
2021-11-01,Caruaru,27.4,30.3,19.84,24.13,157.63,21,30
2021-11-01,Garanhuns,19.3,29.16,18.7,23.14,157.64,22,30
2021-11-01,Petrolina,83.2,32.25,22.93,27.23,170.38,20,30
2021-11-01,Recife,62.9,29.51,24.83,27.09,158.15,8,30
2021-11-01,Salgueiro,23.5,34.2,23.49,28.72,200.72,26,30
2021-11-01,Serra Talhada,25.0,34.93,23.58,29.27,203.25,25,30
2021-12-01,Caruaru,58.7,29.56,20.14,23.9,148.45,14,31
2021-12-01,Garanhuns,50.4,28.43,19.16,22.92,144.31,17,31
2021-12-01,Petrolina,157.7,30.63,22.66,26.27,145.55,17,31
2021-12-01,Recife,97.8,29.16,24.47,26.8,147.97,5,31
2021-12-01,Salgueiro,83.9,32.85,23.36,27.98,175.77,22,31
2021-12-01,Serra Talhada,63.4,33.97,23.39,28.6,190.43,21,31
2022-01-01,Caruaru,84.0,28.42,19.53,23.14,137.98,9,31
2022-01-01,Garanhuns,85.6,27.63,18.52,22.07,137.43,8,31
2022-01-01,Petrolina,100.2,30.6,21.85,25.81,160.14,18,31
2022-01-01,Recife,161.1,28.83,24.07,26.4,143.46,5,31
2022-01-01,Salgueiro,103.6,30.84,21.7,25.83,150.23,12,31
2022-01-01,Serra Talhada,73.5,31.85,22.57,26.77,164.42,15,31
2022-02-01,Caruaru,43.4,29.36,19.82,23.71,139.08,13,28
2022-02-01,Garanhuns,27.9,28.7,18.75,22.81,138.03,15,28
2022-02-01,Petrolina,81.4,31.94,22.42,27.01,161.7,21,28
2022-02-01,Recife,41.6,29.58,24.69,27.15,148.13,11,28
2022-02-01,Salgueiro,59.1,31.23,21.68,26.24,151.63,19,28
2022-02-01,Serra Talhada,57.6,32.14,22.41,27.05,158.94,23,28
2022-03-01,Caruaru,111.3,28.19,20.11,23.12,126.08,5,31
2022-03-01,Garanhuns,111.7,26.88,19.16,21.94,121.17,3,31
2022-03-01,Petrolina,106.7,31.35,22.23,26.25,161.9,18,31
2022-03-01,Recife,192.5,28.65,24.12,26.26,133.1,3,31
2022-03-01,Salgueiro,169.2,30.19,21.36,25.37,143.07,14,31
2022-03-01,Serra Talhada,156.8,30.31,21.48,25.31,146.05,15,31
2022-04-01,Caruaru,76.9,27.7,19.75,22.8,118.94,9,30
2022-04-01,Garanhuns,58.6,26.29,18.6,21.63,114.47,11,30
2022-04-01,Petrolina,42.7,31.94,22.08,26.69,161.31,21,30
2022-04-01,Recife,119.4,28.77,23.81,26.29,127.98,7,30
2022-04-01,Salgueiro,50.0,30.59,20.99,25.43,140.53,20,30
2022-04-01,Serra Talhada,59.8,30.46,21.23,25.42,135.67,21,30
2022-05-01,Caruaru,184.6,25.88,19.47,21.88,92.4,10,31
2022-05-01,Garanhuns,195.1,24.28,18.42,20.58,83.17,4,31
2022-05-01,Petrolina,58.5,30.1,21.08,25.38,144.58,26,31
2022-05-01,Recife,437.4,27.62,23.52,25.45,97.33,2,31
2022-05-01,Salgueiro,66.0,29.35,20.81,24.73,123.98,14,31
2022-05-01,Serra Talhada,65.0,29.51,20.87,24.67,122.66,18,31
2022-06-01,Caruaru,182.0,24.31,18.37,20.62,75.38,10,30
2022-06-01,Garanhuns,258.2,22.56,17.41,19.28,63.47,4,30
2022-06-01,Petrolina,16.7,29.23,19.55,23.92,135.59,24,30
2022-06-01,Recife,254.2,26.83,22.28,24.42,93.96,7,30
2022-06-01,Salgueiro,39.8,27.43,19.46,22.93,103.55,18,30
2022-06-01,Serra Talhada,66.5,26.85,19.38,22.56,94.14,19,30
2022-07-01,Caruaru,83.4,23.56,17.74,19.93,79.39,7,31
2022-07-01,Garanhuns,171.2,21.85,16.58,18.57,70.41,1,31
2022-07-01,Petrolina,5.1,28.92,19.23,23.78,147.51,31,31
2022-07-01,Recife,214.3,26.48,22.49,24.34,103.76,3,31
2022-07-01,Salgueiro,22.9,27.19,18.59,22.52,118.95,25,31
2022-07-01,Serra Talhada,24.0,27.52,18.51,22.52,117.18,25,31
2022-08-01,Caruaru,96.0,23.74,16.96,19.66,94.79,9,31
2022-08-01,Garanhuns,123.0,22.0,15.79,18.27,85.36,4,31
2022-08-01,Petrolina,5.7,29.83,18.96,24.18,173.66,29,31
2022-08-01,Recife,183.6,26.51,22.05,24.15,121.84,5,31
2022-08-01,Salgueiro,10.5,28.92,18.23,23.26,154.37,28,31
2022-08-01,Serra Talhada,6.4,29.05,18.1,23.15,151.64,28,31
2022-09-01,Caruaru,19.2,25.42,17.26,20.58,113.8,25,30
2022-09-01,Garanhuns,41.3,23.68,16.24,19.23,108.29,16,30
2022-09-01,Petrolina,1.3,32.67,20.13,26.34,213.31,30,30
2022-09-01,Recife,59.0,27.09,22.53,24.73,131.36,12,30
2022-09-01,Salgueiro,0.4,32.07,19.51,25.57,198.93,30,30
2022-09-01,Serra Talhada,1.3,32.19,19.54,25.6,197.99,30,30
2022-10-01,Caruaru,39.3,27.28,18.39,22.0,134.86,16,31
2022-10-01,Garanhuns,45.2,25.89,17.22,20.7,130.91,14,31
2022-10-01,Petrolina,9.4,34.55,21.9,28.28,242.03,29,31
2022-10-01,Recife,67.2,28.06,23.64,25.72,149.9,7,31
2022-10-01,Salgueiro,5.0,34.0,21.45,27.69,228.09,29,31
2022-10-01,Serra Talhada,4.4,34.15,21.15,27.57,227.17,30,31
2022-11-01,Caruaru,126.9,27.8,19.26,22.63,126.43,12,30
2022-11-01,Garanhuns,133.8,26.06,18.08,21.36,121.85,13,30
2022-11-01,Petrolina,115.6,30.33,21.98,25.78,145.62,18,30
2022-11-01,Recife,63.7,28.87,23.94,26.34,147.25,9,30
2022-11-01,Salgueiro,89.9,31.35,22.29,26.51,156.84,20,30
2022-11-01,Serra Talhada,77.6,32.25,22.24,27.11,169.83,21,30
2022-12-01,Caruaru,42.2,28.19,19.11,22.85,145.7,17,31
2022-12-01,Garanhuns,46.2,26.72,17.94,21.63,140.1,17,31
2022-12-01,Petrolina,93.1,30.11,21.82,25.58,154.18,19,31
2022-12-01,Recife,64.8,29.11,24.17,26.62,159.59,11,31
2022-12-01,Salgueiro,64.2,31.48,21.52,26.26,178.48,23,31
2022-12-01,Serra Talhada,34.5,32.2,21.82,26.85,185.45,25,31
2023-01-01,Caruaru,57.2,28.3,19.08,22.89,141.63,11,31
2023-01-01,Garanhuns,54.0,27.18,18.02,21.77,143.57,15,31
2023-01-01,Petrolina,36.9,31.33,22.25,26.6,176.37,21,31
2023-01-01,Recife,80.3,28.87,24.12,26.51,155.43,15,31
2023-01-01,Salgueiro,43.9,31.78,22.08,26.68,172.44,23,31
2023-01-01,Serra Talhada,20.4,32.94,22.49,27.5,196.11,23,31
2023-02-01,Caruaru,71.0,28.06,19.49,22.92,121.67,8,28
2023-02-01,Garanhuns,70.4,27.01,18.47,21.84,120.33,7,28
2023-02-01,Petrolina,40.1,33.41,23.13,28.13,184.41,22,28
2023-02-01,Recife,99.5,29.1,24.48,26.76,137.23,4,28
2023-02-01,Salgueiro,18.1,33.2,22.48,27.68,176.68,23,28
2023-02-01,Serra Talhada,33.1,33.82,22.54,27.78,184.76,19,28
2023-03-01,Caruaru,105.2,27.85,19.69,22.82,128.69,10,31
2023-03-01,Garanhuns,99.0,26.83,18.57,21.72,127.72,9,31
2023-03-01,Petrolina,88.7,31.77,22.63,26.98,175.28,19,31
2023-03-01,Recife,115.3,29.01,24.17,26.54,143.27,4,31
2023-03-01,Salgueiro,77.9,31.36,21.92,26.4,163.23,19,31
2023-03-01,Serra Talhada,130.0,31.81,21.95,26.55,175.29,20,31
2023-04-01,Caruaru,73.8,27.56,19.71,22.77,111.96,10,30
2023-04-01,Garanhuns,71.1,26.56,18.7,21.82,114.39,11,30
2023-04-01,Petrolina,42.0,31.93,22.26,26.76,157.45,24,30
2023-04-01,Recife,96.9,28.8,24.04,26.38,125.71,7,30
2023-04-01,Salgueiro,41.5,31.07,21.21,25.77,142.51,20,30
2023-04-01,Serra Talhada,51.0,30.54,21.2,25.43,137.14,22,30
2023-05-01,Caruaru,71.5,26.41,19.78,22.31,98.35,13,31
2023-05-01,Garanhuns,99.4,24.97,18.77,21.14,90.08,7,31
2023-05-01,Petrolina,22.4,29.57,21.75,25.21,125.47,27,31
2023-05-01,Recife,125.5,28.48,23.84,26.14,116.43,7,31
2023-05-01,Salgueiro,32.7,29.77,21.06,25.02,123.63,20,31
2023-05-01,Serra Talhada,26.0,29.88,21.34,25.15,123.38,24,31
2023-06-01,Caruaru,86.5,24.46,18.97,20.95,75.86,3,30
2023-06-01,Garanhuns,132.2,22.72,17.95,19.63,64.89,0,30
2023-06-01,Petrolina,9.6,29.39,20.47,24.37,130.85,27,30
2023-06-01,Recife,277.8,27.01,23.2,25.01,91.11,1,30
2023-06-01,Salgueiro,22.6,28.19,20.14,23.64,106.82,23,30
2023-06-01,Serra Talhada,26.2,28.14,20.05,23.54,104.84,21,30
2023-07-01,Caruaru,53.9,24.44,18.0,20.44,89.1,14,31
2023-07-01,Garanhuns,88.7,22.89,16.81,19.03,80.99,6,31
2023-07-01,Petrolina,1.5,30.76,19.57,25.02,172.67,31,31
2023-07-01,Recife,120.7,26.81,22.49,24.56,109.79,3,31
2023-07-01,Salgueiro,12.2,29.24,19.06,23.75,142.06,29,31
2023-07-01,Serra Talhada,12.2,28.91,18.87,23.45,136.97,28,31
2023-08-01,Caruaru,53.5,25.42,18.06,20.96,105.92,14,31
2023-08-01,Garanhuns,65.7,23.77,16.74,19.55,97.23,11,31
2023-08-01,Petrolina,3.1,31.99,20.61,26.23,186.58,30,31
2023-08-01,Recife,117.9,27.09,22.6,24.76,120.89,7,31
2023-08-01,Salgueiro,4.2,31.56,20.15,25.55,174.24,31,31
2023-08-01,Serra Talhada,4.2,31.8,19.78,25.54,174.89,30,31
2023-09-01,Caruaru,50.9,25.95,18.18,21.29,112.15,9,30
2023-09-01,Garanhuns,65.0,24.49,16.87,19.88,105.0,9,30
2023-09-01,Petrolina,0.6,33.9,21.33,27.7,221.05,30,30
2023-09-01,Recife,108.4,27.37,23.04,25.12,126.6,7,30
2023-09-01,Salgueiro,1.3,33.3,20.8,26.76,208.83,30,30
2023-09-01,Serra Talhada,2.8,33.39,20.24,26.47,202.43,29,30
2023-10-01,Caruaru,16.5,28.04,18.55,22.45,142.72,23,31
2023-10-01,Garanhuns,32.2,26.58,17.22,21.07,137.03,18,31
2023-10-01,Petrolina,0.1,35.88,22.85,29.59,259.62,31,31
2023-10-01,Recife,60.8,28.65,23.53,25.97,158.93,11,31
2023-10-01,Salgueiro,0.2,35.26,22.27,28.85,248.48,31,31
2023-10-01,Serra Talhada,0.0,35.01,21.64,28.42,241.22,31,31
2023-11-01,Caruaru,27.3,29.66,19.16,23.5,152.13,21,30
2023-11-01,Garanhuns,16.8,28.68,17.91,22.6,155.56,23,30
2023-11-01,Petrolina,24.3,35.38,24.11,29.92,226.13,27,30
2023-11-01,Recife,58.4,29.52,24.61,26.96,162.68,14,30
2023-11-01,Salgueiro,12.8,35.36,23.72,29.77,230.01,26,30
2023-11-01,Serra Talhada,3.0,35.27,22.98,29.35,222.19,30,30
2023-12-01,Caruaru,70.5,28.64,19.77,23.35,136.01,15,31
2023-12-01,Garanhuns,56.1,27.76,18.58,22.41,137.05,16,31
2023-12-01,Petrolina,32.7,34.95,24.18,29.67,227.15,28,31
2023-12-01,Recife,136.4,29.21,24.45,26.73,149.49,9,31
2023-12-01,Salgueiro,9.5,35.03,23.95,29.38,225.17,28,31
2023-12-01,Serra Talhada,25.4,34.45,22.88,28.64,212.21,28,31
2024-01-01,Caruaru,72.2,29.58,20.2,23.9,148.37,17,31
2024-01-01,Garanhuns,58.3,29.18,19.15,23.32,152.24,19,31
2024-01-01,Petrolina,136.0,32.4,23.97,27.97,162.99,16,31
2024-01-01,Recife,41.9,30.38,24.67,27.52,164.68,16,31
2024-01-01,Salgueiro,76.4,32.86,23.36,27.89,171.55,18,31
2024-01-01,Serra Talhada,78.6,32.92,23.17,27.76,170.69,19,31
2024-02-01,Caruaru,100.4,29.32,20.69,24.07,131.57,6,29
2024-02-01,Garanhuns,86.8,28.1,19.59,22.89,126.32,6,29
2024-02-01,Petrolina,82.4,31.44,22.7,26.68,146.74,17,29
2024-02-01,Recife,143.9,30.03,25.07,27.43,142.13,5,29
2024-02-01,Salgueiro,118.9,31.98,22.83,26.99,152.4,10,29
2024-02-01,Serra Talhada,175.4,32.52,22.86,27.1,156.44,13,29
2024-03-01,Caruaru,134.1,29.12,20.82,24.11,133.83,6,31
2024-03-01,Garanhuns,128.4,27.82,19.57,22.9,131.35,8,31
2024-03-01,Petrolina,49.9,32.91,23.44,27.86,171.14,22,31
2024-03-01,Recife,124.2,30.12,25.11,27.54,146.16,7,31
2024-03-01,Salgueiro,49.3,31.49,22.63,26.74,151.86,21,31
2024-03-01,Serra Talhada,68.6,31.83,22.59,26.83,160.52,19,31
2024-04-01,Caruaru,93.9,28.03,20.62,23.52,111.22,9,30
2024-04-01,Garanhuns,111.5,26.62,19.45,22.25,105.79,5,30
2024-04-01,Petrolina,96.2,31.39,22.96,26.64,140.27,18,30
2024-04-01,Recife,129.2,29.54,24.66,27.05,124.97,7,30
2024-04-01,Salgueiro,123.3,30.23,22.26,25.74,127.25,10,30
2024-04-01,Serra Talhada,115.0,31.0,22.2,25.97,135.75,13,30
2024-05-01,Caruaru,119.8,26.4,19.82,22.42,96.87,13,31
2024-05-01,Garanhuns,127.7,24.72,18.47,21.01,85.35,8,31
2024-05-01,Petrolina,19.0,31.35,21.93,26.19,150.51,29,31
2024-05-01,Recife,120.1,28.45,24.13,26.26,112.57,8,31
2024-05-01,Salgueiro,23.6,29.61,20.91,24.9,126.3,23,31
2024-05-01,Serra Talhada,13.4,29.68,20.65,24.82,126.55,25,31
2024-06-01,Caruaru,56.4,24.87,18.8,21.11,82.97,13,30
2024-06-01,Garanhuns,116.8,23.13,17.49,19.63,71.95,4,30
2024-06-01,Petrolina,16.4,30.49,20.63,25.11,146.27,27,30
2024-06-01,Recife,196.8,27.68,23.12,25.26,103.68,4,30
2024-06-01,Salgueiro,14.7,28.7,19.95,24.0,118.99,25,30
2024-06-01,Serra Talhada,24.0,28.83,19.72,23.8,115.79,20,30
2024-07-01,Caruaru,56.4,23.73,17.67,20.08,84.64,12,31
2024-07-01,Garanhuns,94.8,22.17,16.43,18.68,76.31,4,31
2024-07-01,Petrolina,10.9,30.2,19.24,24.52,167.6,28,31
2024-07-01,Recife,154.4,26.8,22.58,24.55,112.99,4,31
2024-07-01,Salgueiro,14.5,28.9,18.63,23.49,143.82,28,31
2024-07-01,Serra Talhada,11.5,29.17,18.49,23.4,144.55,28,31
2024-08-01,Caruaru,28.4,24.89,17.1,20.22,108.91,19,31
2024-08-01,Garanhuns,71.0,22.98,15.68,18.69,99.53,5,31
2024-08-01,Petrolina,1.2,31.86,19.65,25.69,201.35,31,31
2024-08-01,Recife,89.3,26.88,22.31,24.49,132.41,5,31
2024-08-01,Salgueiro,2.6,30.99,18.85,24.72,186.17,30,31
2024-08-01,Serra Talhada,2.3,31.36,18.88,24.8,189.93,31,31
2024-09-01,Caruaru,27.2,25.22,17.24,20.54,108.07,18,30
2024-09-01,Garanhuns,50.8,23.46,15.81,19.03,101.71,12,30
2024-09-01,Petrolina,0.6,33.3,20.5,27.06,232.29,30,30
2024-09-01,Recife,72.7,27.08,22.64,24.74,136.48,7,30
2024-09-01,Salgueiro,0.5,32.64,19.96,26.17,216.11,30,30
2024-09-01,Serra Talhada,0.7,32.74,19.65,26.02,215.61,30,30
2024-10-01,Caruaru,18.2,28.49,18.19,22.46,144.25,24,31
2024-10-01,Garanhuns,12.3,26.89,16.85,21.23,143.72,25,31
2024-10-01,Petrolina,26.8,34.89,22.78,28.92,235.45,28,31
2024-10-01,Recife,34.8,28.65,23.65,26.03,161.28,13,31
2024-10-01,Salgueiro,1.9,35.07,22.9,29.06,240.56,30,31
2024-10-01,Serra Talhada,1.0,35.09,22.01,28.72,235.92,31,31
2024-11-01,Caruaru,16.4,29.79,18.9,23.44,156.84,24,30
2024-11-01,Garanhuns,16.7,28.86,17.81,22.53,158.45,26,30
2024-11-01,Petrolina,45.7,34.0,23.4,28.72,204.72,27,30
2024-11-01,Recife,46.8,29.33,24.45,26.69,162.57,12,30
2024-11-01,Salgueiro,17.4,35.24,23.5,29.34,225.06,28,30
2024-11-01,Serra Talhada,4.7,35.65,22.73,29.27,222.98,28,30
2024-12-01,Caruaru,40.2,29.61,19.59,23.69,157.94,18,31
2024-12-01,Garanhuns,30.5,29.43,18.57,23.05,165.04,19,31
2024-12-01,Petrolina,3.2,35.02,24.2,29.81,227.65,30,31
2024-12-01,Recife,75.3,29.36,24.62,26.89,159.62,3,31
2024-12-01,Salgueiro,10.8,35.36,24.3,29.78,226.84,26,31
2024-12-01,Serra Talhada,6.9,35.53,23.34,29.42,217.48,29,31
2025-01-01,Caruaru,77.9,29.22,20.17,23.79,141.74,11,31
2025-01-01,Garanhuns,71.6,28.64,19.23,22.99,149.44,13,31
2025-01-01,Petrolina,131.1,30.95,22.98,26.82,152.72,16,31
2025-01-01,Recife,110.2,29.57,24.43,26.88,148.11,7,31
2025-01-01,Salgueiro,124.6,32.01,22.67,27.02,166.95,17,31
2025-01-01,Serra Talhada,85.2,32.27,22.58,27.09,170.6,18,31
2025-02-01,Caruaru,52.9,28.12,19.84,23.11,130.46,12,28
2025-02-01,Garanhuns,79.1,26.76,18.68,21.94,124.21,7,28
2025-02-01,Petrolina,8.9,32.99,22.69,27.76,183.23,25,28
2025-02-01,Recife,111.3,29.28,24.36,26.79,138.5,7,28
2025-02-01,Salgueiro,37.4,33.3,22.5,27.69,184.35,25,28
2025-02-01,Serra Talhada,28.7,33.12,22.01,27.29,175.27,22,28
2025-03-01,Caruaru,61.9,28.13,19.79,23.19,138.52,13,31
2025-03-01,Garanhuns,59.5,27.83,18.88,22.39,142.31,9,31
2025-03-01,Petrolina,16.1,34.2,23.34,28.75,205.11,27,31
2025-03-01,Recife,103.2,29.8,24.64,27.08,154.77,7,31
2025-03-01,Salgueiro,27.1,33.68,22.64,27.86,193.23,23,31
2025-03-01,Serra Talhada,31.1,33.52,22.2,27.35,184.76,21,31
2025-04-01,Caruaru,33.0,28.64,20.08,23.51,128.88,22,30
2025-04-01,Garanhuns,59.2,28.4,18.96,22.85,134.06,20,30
2025-04-01,Petrolina,44.4,34.03,23.48,28.81,185.24,28,30
2025-04-01,Recife,63.3,30.38,24.89,27.52,146.07,11,30
2025-04-01,Salgueiro,45.3,33.51,22.83,27.97,175.92,24,30
2025-04-01,Serra Talhada,57.8,33.46,22.43,27.67,165.95,23,30
2025-05-01,Caruaru,93.3,26.49,19.53,22.25,106.16,14,31
2025-05-01,Garanhuns,140.3,25.51,18.55,21.21,104.08,4,31
2025-05-01,Petrolina,21.5,31.41,21.81,26.12,152.68,22,31
2025-05-01,Recife,272.7,28.8,23.92,26.2,121.62,6,31
2025-05-01,Salgueiro,74.2,30.75,21.33,25.54,143.9,19,31
2025-05-01,Serra Talhada,67.2,30.86,21.22,25.52,141.63,18,31
2025-06-01,Caruaru,84.8,24.97,19.04,21.18,84.12,6,30
2025-06-01,Garanhuns,141.9,23.3,17.93,19.84,75.72,4,30
2025-06-01,Petrolina,8.9,30.22,20.49,25.02,141.16,27,30
2025-06-01,Recife,195.7,27.48,22.96,25.06,101.4,1,30
2025-06-01,Salgueiro,45.1,29.57,20.44,24.58,126.86,19,30
2025-06-01,Serra Talhada,63.6,29.27,20.15,24.13,119.33,21,30
2025-07-01,Caruaru,59.2,24.14,17.94,20.24,92.27,13,31
2025-07-01,Garanhuns,81.2,22.21,16.75,18.78,79.85,4,31
2025-07-01,Petrolina,2.5,29.84,19.5,24.36,151.85,31,31
2025-07-01,Recife,153.6,26.71,22.0,24.22,104.25,5,31
2025-07-01,Salgueiro,8.3,28.99,19.23,23.68,140.98,29,31
2025-07-01,Serra Talhada,9.8,28.85,19.07,23.36,128.62,29,31
2025-08-01,Caruaru,93.4,24.34,17.75,20.28,100.12,13,31
2025-08-01,Garanhuns,127.6,22.35,16.54,18.78,86.48,3,31
2025-08-01,Petrolina,2.4,31.43,19.52,25.32,181.8,30,31
2025-08-01,Recife,175.2,26.67,22.2,24.28,117.33,2,31
2025-08-01,Salgueiro,9.1,30.48,19.4,24.64,167.25,28,31
2025-08-01,Serra Talhada,24.0,30.73,19.23,24.36,160.38,25,31
2025-09-01,Caruaru,64.4,25.21,17.95,20.68,110.85,8,30
2025-09-01,Garanhuns,115.8,22.82,16.91,19.1,95.64,5,30
2025-09-01,Petrolina,2.9,32.4,20.3,26.26,195.56,30,30
2025-09-01,Recife,106.6,27.31,22.97,24.96,138.52,5,30
2025-09-01,Salgueiro,6.4,31.74,20.16,25.64,181.46,29,30
2025-09-01,Serra Talhada,10.3,32.11,19.88,25.48,178.34,26,30
2025-10-01,Caruaru,35.3,27.05,18.14,21.69,140.36,16,31
2025-10-01,Garanhuns,62.6,24.35,16.98,19.88,123.72,10,31
2025-10-01,Petrolina,2.5,33.8,21.41,27.53,223.24,30,31
2025-10-01,Recife,89.0,27.66,23.47,25.41,156.18,6,31
2025-10-01,Salgueiro,10.6,34.23,21.27,27.59,236.24,29,31
2025-10-01,Serra Talhada,24.9,34.37,20.69,27.25,223.64,29,31
2025-11-01,Caruaru,11.0,30.36,18.77,23.5,162.62,27,30
2025-11-01,Garanhuns,9.9,28.44,17.66,22.26,161.94,26,30
2025-11-01,Petrolina,29.7,34.51,23.5,28.99,204.48,26,30
2025-11-01,Recife,29.6,29.39,24.45,26.71,167.15,19,30
2025-11-01,Salgueiro,16.4,35.49,23.29,29.5,228.82,26,30
2025-11-01,Serra Talhada,3.1,35.7,22.56,29.29,222.58,29,30
2025-12-01,Caruaru,32.3,30.14,19.37,23.82,160.76,22,31
2025-12-01,Garanhuns,19.6,29.36,18.26,22.96,167.34,26,31
2025-12-01,Petrolina,20.6,34.33,23.86,29.22,208.51,27,31
2025-12-01,Recife,49.1,29.51,24.75,26.94,166.75,12,31
2025-12-01,Salgueiro,14.0,34.54,23.91,29.45,210.93,29,31
2025-12-01,Serra Talhada,15.0,34.9,23.24,29.26,209.79,28,31
2026-01-01,Caruaru,37.5,29.95,19.78,24.0,162.64,18,31
2026-01-01,Garanhuns,48.1,28.95,18.7,22.98,161.35,14,31
2026-01-01,Petrolina,67.0,33.59,23.25,28.27,200.7,21,31
2026-01-01,Recife,65.5,29.94,24.69,27.21,169.57,11,31
2026-01-01,Salgueiro,14.9,34.45,23.64,29.0,219.46,29,31
2026-01-01,Serra Talhada,7.4,35.06,23.5,29.16,219.79,29,31
2026-02-01,Caruaru,93.3,29.5,20.14,23.8,131.08,11,28
2026-02-01,Garanhuns,101.9,28.69,19.19,22.93,131.27,8,28
2026-02-01,Petrolina,212.8,32.15,22.99,27.43,149.31,9,28
2026-02-01,Recife,79.5,30.11,24.72,27.29,138.92,9,28
2026-02-01,Salgueiro,104.8,31.85,22.54,26.56,143.53,12,28
2026-02-01,Serra Talhada,136.6,33.02,22.65,27.05,147.54,12,28
2026-03-01,Caruaru,131.8,28.38,20.02,23.43,137.42,5,31
2026-03-01,Garanhuns,126.3,27.67,19.33,22.55,136.14,11,31
2026-03-01,Petrolina,179.5,31.01,22.54,26.44,155.5,13,31
2026-03-01,Recife,93.1,30.46,24.79,27.53,159.58,11,31
2026-03-01,Salgueiro,138.9,30.22,21.68,25.48,148.4,15,31
2026-03-01,Serra Talhada,109.3,30.74,21.98,25.85,149.23,13,31
2026-04-01,Caruaru,144.0,26.84,20.07,22.65,110.45,8,30
2026-04-01,Garanhuns,115.1,25.69,19.15,21.55,105.97,3,30
2026-04-01,Petrolina,74.9,31.62,22.35,26.63,154.9,16,30
2026-04-01,Recife,225.0,28.83,23.89,26.24,119.8,3,30
2026-04-01,Salgueiro,54.5,30.18,21.36,25.41,141.73,19,30
2026-04-01,Serra Talhada,51.1,30.75,21.27,25.42,140.57,18,30
2026-05-01,Caruaru,118.5,25.37,19.42,21.69,89.35,10,31
2026-05-01,Garanhuns,132.4,24.16,18.17,20.49,86.98,8,31
2026-05-01,Petrolina,8.2,31.43,21.64,26.35,162.02,29,31
2026-05-01,Recife,370.8,28.11,23.63,25.71,106.22,1,31
2026-05-01,Salgueiro,22.3,30.19,20.79,25.17,144.92,23,31
2026-05-01,Serra Talhada,40.4,29.98,20.55,24.85,134.27,24,31
2026-06-01,Caruaru,30.5,24.68,19.01,21.23,34.28,4,13
2026-06-01,Garanhuns,53.1,22.78,17.68,19.6,28.56,2,13
2026-06-01,Petrolina,1.4,30.52,21.09,25.56,62.75,12,13
2026-06-01,Recife,117.3,27.68,23.6,25.55,45.45,3,13
2026-06-01,Salgueiro,1.7,29.52,20.35,24.75,57.2,13,13
2026-06-01,Serra Talhada,5.7,28.51,19.92,23.96,47.84,9,13
